RSSI,distancia
-43,"0,5"
-47,"0,5"
-47,"0,5"
-46,"0,5"
-45,"0,5"
-46,"0,5"
-47,"0,5"
-47,"0,5"
-47,"0,5"
-46,"0,5"
-45,"0,5"
-45,"0,5"
-45,"0,5"
-44,"0,5"
-45,"0,5"
-46,"0,5"
-45,"0,5"
-44,"0,5"
-46,"0,5"
-45,"0,5"
-45,"0,5"
-45,"0,5"
-45,"0,5"
-44,"0,5"
-43,"0,5"
-51,"0,5"
-43,"0,5"
-47,"0,5"
-49,"0,5"
-48,"0,5"
-48,"0,5"
-47,"0,5"
-52,"0,5"
-48,"0,5"
-49,"0,5"
-48,"0,5"
-50,"0,5"
-48,"0,5"
-50,"0,5"
-48,"0,5"
-48,"0,5"
-55,"0,5"
-49,"0,5"
-48,"0,5"
-48,"0,5"
-48,"0,5"
-49,"0,5"
-50,"0,5"
-50,"0,5"
-50,"0,5"
-48,"0,5"
-48,"0,5"
-48,"0,5"
-49,"0,5"
-50,"0,5"
-50,"0,5"
-50,"0,5"
-48,"0,5"
-50,"0,5"
-50,"0,5"
-49,"0,5"
-51,"0,5"
-48,"0,5"
-49,"0,5"
-50,"0,5"
-50,"0,5"
-48,"0,5"
-50,"0,5"
-48,"0,5"
-50,"0,5"
-50,"0,5"
-48,"0,5"
-48,"0,5"
-48,"0,5"
-50,"0,5"
-48,"0,5"
-49,"0,5"
-50,"0,5"
-48,"0,5"
-50,"0,5"
-50,"0,5"
-50,"0,5"
-49,"0,5"
-48,"0,5"
-48,"0,5"
-49,"0,5"
-49,"0,5"
-48,"0,5"
-48,"0,5"
-48,"0,5"
-49,"0,5"
-50,"0,5"
-48,"0,5"
-49,"0,5"
-48,"0,5"
-57,"0,5"
-48,"0,5"
-50,"0,5"
-49,"0,5"
-49,"0,5"
-48,"0,5"
-48,"0,5"
-49,"0,5"
-48,"0,5"
-49,"0,5"
-49,"0,5"
-49,"0,5"
-49,"0,5"
-50,"0,5"
-48,"0,5"
-50,"0,5"
-50,"0,5"
-49,"0,5"
-50,"0,5"
-49,"0,5"
-48,"0,5"
-49,"0,5"
-48,"0,5"
-48,"0,5"
-49,"0,5"
-49,"0,5"
-49,"0,5"
-48,"0,5"
-50,"0,5"
-49,"0,5"
-48,"0,5"
-48,"0,5"
-49,"0,5"
-49,"0,5"
-49,"0,5"
-50,"0,5"
-50,"0,5"
-50,"0,5"
-48,"0,5"
-50,"0,5"
-49,"0,5"
-49,"0,5"
-47,"0,5"
-48,"0,5"
-48,"0,5"
-47,"0,5"
-49,"0,5"
-55,"0,5"
-48,"0,5"
-51,"0,5"
-52,"0,5"
-52,"0,5"
-48,"0,5"
-48,"0,5"
-46,"0,5"
-46,"0,5"
-48,"0,5"
-48,"0,5"
-48,"0,5"
-51,"0,5"
-48,"0,5"
-48,"0,5"
-49,"0,5"
-48,"0,5"
-48,"0,5"
-46,"0,5"
-48,"0,5"
-52,"0,5"
-50,"0,5"
-48,"0,5"
-51,"0,5"
-48,"0,5"
-49,"0,5"
-47,"0,5"
-49,"0,5"
-48,"0,5"
-46,"0,5"
-47,"0,5"
-50,"0,5"
-47,"0,5"
-52,"0,5"
-49,"0,5"
-47,"0,5"
-48,"0,5"
-50,"0,5"
-46,"0,5"
-50,"0,5"
-51,"0,5"
-46,"0,5"
-46,"0,5"
-49,"0,5"
-50,"0,5"
-48,"0,5"
-47,"0,5"
-50,"0,5"
-49,"0,5"
-48,"0,5"
-52,"0,5"
-48,"0,5"
-52,"0,5"
-52,"0,5"
-51,"0,5"
-47,"0,5"
-50,"0,5"
-49,"0,5"
-48,"0,5"
-47,"0,5"
-48,"0,5"
-48,"0,5"
-47,"0,5"
-49,"0,5"
-49,"0,5"
-49,"0,5"
-48,"0,5"
-46,"0,5"
-46,"0,5"
-49,"0,5"
-48,"0,5"
-49,"0,5"
-49,"0,5"
-48,"0,5"
-52,"0,5"
-46,"0,5"
-48,"0,5"
-48,"0,5"
-46,"0,5"
-48,"0,5"
-50,"0,5"
-49,"0,5"
-48,"0,5"
-46,"0,5"
-48,"0,5"
-48,"0,5"
-49,"0,5"
-46,"0,5"
-45,"0,5"
-46,"0,5"
-48,"0,5"
-48,"0,5"
-47,"0,5"
-46,"0,5"
-49,"0,5"
-48,"0,5"
-48,"0,5"
-48,"0,5"
-48,"0,5"
-48,"0,5"
-48,"0,5"
-48,"0,5"
-48,"0,5"
-46,"0,5"
-48,"0,5"
-46,"0,5"
-48,"0,5"
-45,"0,5"
-48,"0,5"
-48,"0,5"
-46,"0,5"
-48,"0,5"
-47,"0,5"
-46,"0,5"
-48,"0,5"
-48,"0,5"
-49,"0,5"
-45,"0,5"
-48,"0,5"
-48,"0,5"
-48,"0,5"
-45,"0,5"
-46,"0,5"
-46,"0,5"
-45,"0,5"
-48,"0,5"
-48,"0,5"
-49,"0,5"
-45,"0,5"
-45,"0,5"
-48,"0,5"
-48,"0,5"
-46,"0,5"
-48,"0,5"
-46,"0,5"
-46,"0,5"
-49,"0,5"
-46,"0,5"
-49,"0,5"
-49,"0,5"
-49,"0,5"
-49,"0,5"
-50,"0,5"
-48,"0,5"
-49,"0,5"
-46,"0,5"
-46,"0,5"
-45,"0,5"
-48,"0,5"
-48,"0,5"
-48,"0,5"
-47,"0,5"
-44,"0,5"
-48,"0,5"
-45,"0,5"
-45,"0,5"
-48,"0,5"
-48,"0,5"
-48,"0,5"
-48,"0,5"
-48,"0,5"
-47,"0,5"
-45,"0,5"
-48,"0,5"
-45,"0,5"
-48,"0,5"
-45,"0,5"
-48,"0,5"
-48,"0,5"
-48,"0,5"
-47,"0,5"
-48,"0,5"
-48,"0,5"
-48,"0,5"
-48,"0,5"
-48,"0,5"
-44,"0,5"
-48,"0,5"
-48,"0,5"
-48,"0,5"
-46,"0,5"
-48,"0,5"
-50,"0,5"
-50,"0,5"
-50,"0,5"
-47,"0,5"
-49,"0,5"
-49,"0,5"
-47,"0,5"
-47,"0,5"
-50,"0,5"
-46,"0,5"
-48,"0,5"
-46,"0,5"
-51,"0,5"
-48,"0,5"
-47,"0,5"
-45,"0,5"
-48,"0,5"
-48,"0,5"
-48,"0,5"
-46,"0,5"
-45,"0,5"
-48,"0,5"
-48,"0,5"
-48,"0,5"
-45,"0,5"
-48,"0,5"
-48,"0,5"
-48,"0,5"
-46,"0,5"
-45,"0,5"
-49,"0,5"
-48,"0,5"
-46,"0,5"
-48,"0,5"
-46,"0,5"
-48,"0,5"
-45,"0,5"
-49,"0,5"
-48,"0,5"
-49,"0,5"
-49,"0,5"
-46,"0,5"
-48,"0,5"
-48,"0,5"
-49,"0,5"
-48,"0,5"
-45,"0,5"
-46,"0,5"
-46,"0,5"
-48,"0,5"
-49,"0,5"
-46,"0,5"
-46,"0,5"
-46,"0,5"
-48,"0,5"
-49,"0,5"
-48,"0,5"
-48,"0,5"
-45,"0,5"
-48,"0,5"
-49,"0,5"
-48,"0,5"
-45,"0,5"
-49,"0,5"
-46,"0,5"
-46,"0,5"
-48,"0,5"
-49,"0,5"
-48,"0,5"
-48,"0,5"
-48,"0,5"
-50,"0,5"
-48,"0,5"
-48,"0,5"
-48,"0,5"
-49,"0,5"
-49,"0,5"
-49,"0,5"
-48,"0,5"
-48,"0,5"
-48,"0,5"
-48,"0,5"
-48,"0,5"
-48,"0,5"
-48,"0,5"
-48,"0,5"
-48,"0,5"
-45,"0,5"
-45,"0,5"
-48,"0,5"
-48,"0,5"
-48,"0,5"
-45,"0,5"
-46,"0,5"
-49,"0,5"
-48,"0,5"
-48,"0,5"
-48,"0,5"
-45,"0,5"
-48,"0,5"
-48,"0,5"
-46,"0,5"
-48,"0,5"
-50,"0,5"
-48,"0,5"
-45,"0,5"
-48,"0,5"
-46,"0,5"
-48,"0,5"
-49,"0,5"
-49,"0,5"
-49,"0,5"
-48,"0,5"
-48,"0,5"
-48,"0,5"
-46,"0,5"
-45,"0,5"
-49,"0,5"
-46,"0,5"
-45,"0,5"
-45,"0,5"
-49,"0,5"
-48,"0,5"
-48,"0,5"
-49,"0,5"
-45,"0,5"
-48,"0,5"
-46,"0,5"
-48,"0,5"
-48,"0,5"
-49,"0,5"
-48,"0,5"
-46,"0,5"
-45,"0,5"
-45,"0,5"
-47,"0,5"
-50,"0,5"
-46,"0,5"
-47,"0,5"
-49,"0,5"
-48,"0,5"
-48,"0,5"
-47,"0,5"
-46,"0,5"
-46,"0,5"
-47,"0,5"
-48,"0,5"
-45,"0,5"
-49,"0,5"
-46,"0,5"
-48,"0,5"
-50,"0,5"
-50,"0,5"
-46,"0,5"
-48,"0,5"
-46,"0,5"
-51,"0,5"
-47,"0,5"
-47,"0,5"
-47,"0,5"
-50,"0,5"
-47,"0,5"
-47,"0,5"
-50,"0,5"
-46,"0,5"
-45,"0,5"
-50,"0,5"
-46,"0,5"
-48,"0,5"
-49,"0,5"
-48,"0,5"
-46,"0,5"
-45,"0,5"
-48,"0,5"
-46,"0,5"
-46,"0,5"
-45,"0,5"
-50,"0,5"
-52,"0,5"
-48,"0,5"
-45,"0,5"
-51,"0,5"
-46,"0,5"
-49,"0,5"
-48,"0,5"
-48,"0,5"
-48,"0,5"
-49,"0,5"
-47,"0,5"
-49,"0,5"
-50,"0,5"
-47,"0,5"
-48,"0,5"
-48,"0,5"
-48,"0,5"
-46,"0,5"
-47,"0,5"
-47,"0,5"
-48,"0,5"
-47,"0,5"
-49,"0,5"
-47,"0,5"
-49,"0,5"
-49,"0,5"
-47,"0,5"
-48,"0,5"
-48,"0,5"
-48,"0,5"
-49,"0,5"
-49,"0,5"
-48,"0,5"
-49,"0,5"
-49,"0,5"
-50,"0,5"
-49,"0,5"
-48,"0,5"
-52,"0,5"
-50,"0,5"
-50,"0,5"
-48,"0,5"
-47,"0,5"
-49,"0,5"
-50,"0,5"
-46,"0,5"
-48,"0,5"
-48,"0,5"
-47,"0,5"
-48,"0,5"
-47,"0,5"
-46,"0,5"
-48,"0,5"
-48,"0,5"
-46,"0,5"
-48,"0,5"
-45,"0,5"
-48,"0,5"
-49,"0,5"
-48,"0,5"
-49,"0,5"
-48,"0,5"
-45,"0,5"
-49,"0,5"
-49,"0,5"
-48,"0,5"
-48,"0,5"
-47,"0,5"
-48,"0,5"
-47,"0,5"
-47,"0,5"
-48,"0,5"
-50,"0,5"
-47,"0,5"
-48,"0,5"
-48,"0,5"
-49,"0,5"
-48,"0,5"
-50,"0,5"
-47,"0,5"
-46,"0,5"
-48,"0,5"
-47,"0,5"
-46,"0,5"
-49,"0,5"
-46,"0,5"
-48,"0,5"
-46,"0,5"
-48,"0,5"
-49,"0,5"
-47,"0,5"
-48,"0,5"
-47,"0,5"
-46,"0,5"
-47,"0,5"
-47,"0,5"
-47,"0,5"
-49,"0,5"
-48,"0,5"
-46,"0,5"
-48,"0,5"
-48,"0,5"
-47,"0,5"
-48,"0,5"
-50,"0,5"
-48,"0,5"
-50,"0,5"
-47,"0,5"
-48,"0,5"
-44,"0,5"
-48,"0,5"
-46,"0,5"
-48,"0,5"
-48,"0,5"
-48,"0,5"
-48,"0,5"
-43,"0,5"
-47,"0,5"
-47,"0,5"
-46,"0,5"
-45,"0,5"
-46,"0,5"
-47,"0,5"
-47,"0,5"
-47,"0,5"
-46,"0,5"
-45,"0,5"
-45,"0,5"
-45,"0,5"
-44,"0,5"
-45,"0,5"
-46,"0,5"
-45,"0,5"
-44,"0,5"
-46,"0,5"
-45,"0,5"
-45,"0,5"
-45,"0,5"
-45,"0,5"
-44,"0,5"
-43,"0,5"
-51,"0,5"
-43,"0,5"
-47,"0,5"
-49,"0,5"
-48,"0,5"
-48,"0,5"
-47,"0,5"
-52,"0,5"
-48,"0,5"
-49,"0,5"
-48,"0,5"
-50,"0,5"
-48,"0,5"
-50,"0,5"
-48,"0,5"
-48,"0,5"
-55,"0,5"
-49,"0,5"
-48,"0,5"
-48,"0,5"
-48,"0,5"
-49,"0,5"
-50,"0,5"
-50,"0,5"
-50,"0,5"
-48,"0,5"
-48,"0,5"
-48,"0,5"
-49,"0,5"
-50,"0,5"
-50,"0,5"
-50,"0,5"
-48,"0,5"
-50,"0,5"
-50,"0,5"
-49,"0,5"
-51,"0,5"
-48,"0,5"
-49,"0,5"
-50,"0,5"
-50,"0,5"
-48,"0,5"
-50,"0,5"
-48,"0,5"
-50,"0,5"
-50,"0,5"
-48,"0,5"
-48,"0,5"
-48,"0,5"
-50,"0,5"
-48,"0,5"
-49,"0,5"
-50,"0,5"
-48,"0,5"
-50,"0,5"
-50,"0,5"
-50,"0,5"
-49,"0,5"
-48,"0,5"
-48,"0,5"
-49,"0,5"
-49,"0,5"
-48,"0,5"
-48,"0,5"
-48,"0,5"
-49,"0,5"
-50,"0,5"
-48,"0,5"
-49,"0,5"
-48,"0,5"
-57,"0,5"
-48,"0,5"
-50,"0,5"
-49,"0,5"
-49,"0,5"
-48,"0,5"
-48,"0,5"
-49,"0,5"
-48,"0,5"
-49,"0,5"
-49,"0,5"
-49,"0,5"
-49,"0,5"
-50,"0,5"
-48,"0,5"
-50,"0,5"
-50,"0,5"
-49,"0,5"
-50,"0,5"
-49,"0,5"
-48,"0,5"
-49,"0,5"
-48,"0,5"
-48,"0,5"
-49,"0,5"
-49,"0,5"
-49,"0,5"
-48,"0,5"
-50,"0,5"
-49,"0,5"
-48,"0,5"
-48,"0,5"
-49,"0,5"
-49,"0,5"
-49,"0,5"
-50,"0,5"
-50,"0,5"
-50,"0,5"
-48,"0,5"
-50,"0,5"
-49,"0,5"
-49,"0,5"
-47,"0,5"
-48,"0,5"
-48,"0,5"
-47,"0,5"
-49,"0,5"
-55,"0,5"
-48,"0,5"
-51,"0,5"
-52,"0,5"
-52,"0,5"
-48,"0,5"
-48,"0,5"
-46,"0,5"
-46,"0,5"
-48,"0,5"
-48,"0,5"
-48,"0,5"
-51,"0,5"
-48,"0,5"
-48,"0,5"
-49,"0,5"
-48,"0,5"
-48,"0,5"
-46,"0,5"
-48,"0,5"
-52,"0,5"
-50,"0,5"
-48,"0,5"
-51,"0,5"
-48,"0,5"
-49,"0,5"
-47,"0,5"
-49,"0,5"
-48,"0,5"
-46,"0,5"
-47,"0,5"
-50,"0,5"
-47,"0,5"
-52,"0,5"
-49,"0,5"
-47,"0,5"
-48,"0,5"
-50,"0,5"
-46,"0,5"
-50,"0,5"
-51,"0,5"
-46,"0,5"
-46,"0,5"
-49,"0,5"
-50,"0,5"
-48,"0,5"
-47,"0,5"
-50,"0,5"
-49,"0,5"
-48,"0,5"
-52,"0,5"
-48,"0,5"
-52,"0,5"
-52,"0,5"
-51,"0,5"
-47,"0,5"
-50,"0,5"
-49,"0,5"
-48,"0,5"
-47,"0,5"
-48,"0,5"
-48,"0,5"
-47,"0,5"
-49,"0,5"
-49,"0,5"
-49,"0,5"
-48,"0,5"
-46,"0,5"
-46,"0,5"
-49,"0,5"
-48,"0,5"
-49,"0,5"
-49,"0,5"
-48,"0,5"
-52,"0,5"
-46,"0,5"
-48,"0,5"
-48,"0,5"
-46,"0,5"
-48,"0,5"
-50,"0,5"
-49,"0,5"
-48,"0,5"
-46,"0,5"
-48,"0,5"
-48,"0,5"
-49,"0,5"
-46,"0,5"
-45,"0,5"
-46,"0,5"
-48,"0,5"
-48,"0,5"
-47,"0,5"
-46,"0,5"
-49,"0,5"
-48,"0,5"
-48,"0,5"
-48,"0,5"
-48,"0,5"
-48,"0,5"
-48,"0,5"
-48,"0,5"
-48,"0,5"
-46,"0,5"
-48,"0,5"
-46,"0,5"
-48,"0,5"
-45,"0,5"
-48,"0,5"
-48,"0,5"
-46,"0,5"
-48,"0,5"
-47,"0,5"
-46,"0,5"
-48,"0,5"
-48,"0,5"
-49,"0,5"
-45,"0,5"
-48,"0,5"
-48,"0,5"
-48,"0,5"
-45,"0,5"
-46,"0,5"
-46,"0,5"
-45,"0,5"
-48,"0,5"
-48,"0,5"
-49,"0,5"
-45,"0,5"
-45,"0,5"
-48,"0,5"
-48,"0,5"
-46,"0,5"
-48,"0,5"
-46,"0,5"
-46,"0,5"
-49,"0,5"
-46,"0,5"
-49,"0,5"
-49,"0,5"
-49,"0,5"
-49,"0,5"
-50,"0,5"
-48,"0,5"
-49,"0,5"
-46,"0,5"
-46,"0,5"
-45,"0,5"
-48,"0,5"
-48,"0,5"
-48,"0,5"
-47,"0,5"
-44,"0,5"
-48,"0,5"
-45,"0,5"
-45,"0,5"
-48,"0,5"
-48,"0,5"
-48,"0,5"
-48,"0,5"
-48,"0,5"
-47,"0,5"
-45,"0,5"
-48,"0,5"
-45,"0,5"
-48,"0,5"
-45,"0,5"
-48,"0,5"
-48,"0,5"
-48,"0,5"
-47,"0,5"
-48,"0,5"
-48,"0,5"
-48,"0,5"
-48,"0,5"
-48,"0,5"
-44,"0,5"
-48,"0,5"
-48,"0,5"
-48,"0,5"
-46,"0,5"
-48,"0,5"
-50,"0,5"
-50,"0,5"
-50,"0,5"
-47,"0,5"
-49,"0,5"
-49,"0,5"
-47,"0,5"
-47,"0,5"
-50,"0,5"
-46,"0,5"
-48,"0,5"
-46,"0,5"
-51,"0,5"
-48,"0,5"
-47,"0,5"
-45,"0,5"
-48,"0,5"
-48,"0,5"
-48,"0,5"
-46,"0,5"
-45,"0,5"
-48,"0,5"
-48,"0,5"
-48,"0,5"
-45,"0,5"
-48,"0,5"
-48,"0,5"
-48,"0,5"
-46,"0,5"
-45,"0,5"
-49,"0,5"
-48,"0,5"
-46,"0,5"
-48,"0,5"
-46,"0,5"
-48,"0,5"
-45,"0,5"
-49,"0,5"
-48,"0,5"
-49,"0,5"
-49,"0,5"
-46,"0,5"
-48,"0,5"
-48,"0,5"
-49,"0,5"
-48,"0,5"
-45,"0,5"
-46,"0,5"
-46,"0,5"
-48,"0,5"
-49,"0,5"
-46,"0,5"
-46,"0,5"
-46,"0,5"
-48,"0,5"
-49,"0,5"
-48,"0,5"
-48,"0,5"
-48,1
-60,1
-48,1
-59,1
-48,1
-47,1
-48,1
-48,1
-50,1
-48,1
-50,1
-49,1
-48,1
-49,1
-59,1
-49,1
-56,1
-48,1
-49,1
-49,1
-48,1
-49,1
-57,1
-48,1
-58,1
-48,1
-58,1
-49,1
-49,1
-49,1
-54,1
-49,1
-49,1
-57,1
-56,1
-57,1
-56,1
-49,1
-50,1
-50,1
-49,1
-60,1
-48,1
-48,1
-48,1
-48,1
-50,1
-57,1
-50,1
-49,1
-59,1
-46,1
-48,1
-48,1
-49,1
-48,1
-59,1
-59,1
-48,1
-47,1
-47,1
-49,1
-50,1
-48,1
-48,1
-63,1
-63,1
-48,1
-48,1
-49,1
-58,1
-57,1
-48,1
-48,1
-49,1
-48,1
-63,1
-47,1
-50,1
-49,1
-62,1
-59,1
-49,1
-59,1
-48,1
-49,1
-59,1
-60,1
-50,1
-50,1
-50,1
-61,1
-50,1
-61,1
-48,1
-61,1
-60,1
-50,1
-59,1
-60,1
-58,1
-57,1
-56,1
-56,1
-47,1
-50,1
-61,1
-47,1
-65,1
-48,1
-50,1
-70,1
-66,1
-49,1
-51,1
-50,1
-51,1
-46,1
-49,1
-47,1
-61,1
-47,1
-55,1
-49,1
-54,1
-49,1
-52,1
-52,1
-57,1
-59,1
-49,1
-49,1
-57,1
-53,1
-49,1
-57,1
-54,1
-49,1
-57,1
-59,1
-53,1
-53,1
-63,1
-48,1
-63,1
-48,1
-48,1
-48,1
-48,1
-52,1
-59,1
-59,1
-61,1
-57,1
-48,1
-49,1
-59,1
-48,1
-48,1
-48,1
-61,1
-61,1
-50,1
-50,1
-57,1
-49,1
-47,1
-48,1
-51,1
-58,1
-48,1
-47,1
-58,1
-60,1
-48,1
-50,1
-50,1
-50,1
-62,1
-50,1
-48,1
-51,1
-61,1
-51,1
-51,1
-62,1
-63,1
-61,1
-48,1
-49,1
-47,1
-64,1
-60,1
-47,1
-48,1
-69,1
-58,1
-62,1
-47,1
-51,1
-47,1
-51,1
-50,1
-47,1
-50,1
-59,1
-58,1
-47,1
-58,1
-48,1
-48,1
-59,1
-50,1
-48,1
-48,1
-50,1
-50,1
-59,1
-48,1
-57,1
-49,1
-50,1
-62,1
-48,1
-48,1
-48,1
-49,1
-56,1
-59,1
-50,1
-50,1
-48,1
-58,1
-48,1
-51,1
-49,1
-50,1
-50,1
-49,1
-49,1
-60,1
-49,1
-58,1
-59,1
-57,1
-58,1
-47,1
-58,1
-57,1
-50,1
-57,1
-48,1
-57,1
-47,1
-50,1
-56,1
-48,1
-47,1
-47,1
-49,1
-58,1
-58,1
-52,1
-52,1
-58,1
-52,1
-52,1
-52,1
-59,1
-59,1
-61,1
-50,1
-69,1
-48,1
-50,1
-50,1
-47,1
-68,1
-46,1
-49,1
-50,1
-51,1
-48,1
-49,1
-57,1
-49,1
-55,1
-46,1
-58,1
-46,1
-48,1
-54,1
-47,1
-58,1
-48,1
-48,1
-58,1
-60,1
-47,1
-65,1
-47,1
-48,1
-48,1
-47,1
-46,1
-48,1
-45,1
-61,1
-49,1
-45,1
-45,1
-58,1
-65,1
-48,1
-47,1
-59,1
-49,1
-46,1
-45,1
-48,1
-45,1
-45,1
-59,1
-49,1
-62,1
-49,1
-45,1
-62,1
-47,1
-59,1
-47,1
-46,1
-57,1
-50,1
-59,1
-68,1
-60,1
-50,1
-60,1
-60,1
-50,1
-61,1
-49,1
-48,1
-56,1
-58,1
-45,1
-45,1
-58,1
-48,1
-45,1
-60,1
-60,1
-45,1
-47,1
-49,1
-45,1
-56,1
-57,1
-45,1
-55,1
-48,1
-46,1
-47,1
-48,1
-48,1
-54,1
-44,1
-46,1
-45,1
-47,1
-48,1
-47,1
-48,1
-45,1
-48,1
-45,1
-48,1
-54,1
-49,1
-49,1
-46,1
-49,1
-45,1
-50,1
-44,1
-48,1
-46,1
-48,1
-45,1
-48,1
-45,1
-48,1
-49,1
-49,1
-48,1
-46,1
-45,1
-45,1
-44,1
-49,1
-45,1
-48,1
-45,1
-46,1
-46,1
-45,1
-49,1
-49,1
-46,1
-44,1
-45,1
-45,1
-48,1
-45,1
-45,1
-49,1
-45,1
-49,1
-48,1
-45,1
-45,1
-45,1
-44,1
-50,1
-45,1
-48,1
-50,1
-49,1
-45,1
-50,1
-46,1
-45,1
-48,1
-45,1
-45,1
-45,1
-46,1
-49,1
-45,1
-45,1
-49,1
-45,1
-48,1
-45,1
-46,1
-45,1
-49,1
-45,1
-48,1
-45,1
-45,1
-45,1
-45,1
-45,1
-46,1
-45,1
-48,1
-48,1
-45,1
-45,1
-45,1
-45,1
-45,1
-45,1
-45,1
-49,1
-45,1
-45,1
-48,1
-45,1
-45,1
-46,1
-49,1
-48,1
-49,1
-49,1
-45,1
-45,1
-46,1
-45,1
-45,1
-45,1
-45,1
-45,1
-45,1
-45,1
-45,1
-45,1
-45,1
-45,1
-46,1
-45,1
-49,1
-45,1
-45,1
-45,1
-45,1
-48,1
-45,1
-45,1
-46,1
-44,1
-45,1
-49,1
-46,1
-46,1
-45,1
-46,1
-48,1
-49,1
-45,1
-45,1
-46,1
-45,1
-45,1
-48,1
-46,1
-46,1
-48,1
-48,1
-49,1
-48,1
-48,1
-45,1
-45,1
-45,1
-48,1
-45,1
-48,1
-45,1
-45,1
-49,1
-45,1
-45,1
-48,1
-45,1
-47,1
-45,1
-48,1
-48,1
-45,1
-45,1
-45,1
-45,1
-46,1
-45,1
-45,1
-45,1
-49,1
-45,1
-46,1
-46,1
-45,1
-45,1
-45,1
-45,1
-46,1
-45,1
-48,1
-48,1
-45,1
-48,1
-49,1
-48,1
-45,1
-47,1
-46,1
-44,1
-45,1
-46,1
-45,1
-45,1
-46,1
-49,1
-45,1
-48,1
-45,1
-49,1
-45,1
-47,1
-45,1
-49,1
-46,1
-45,1
-45,1
-45,1
-45,1
-45,1
-45,1
-45,1
-48,1
-45,1
-45,1
-45,1
-48,1
-45,1
-48,1
-45,1
-45,1
-47,1
-46,1
-48,1
-45,1
-48,1
-44,1
-45,1
-45,1
-45,1
-45,1
-45,1
-48,1
-48,1
-46,1
-46,1
-45,1
-48,1
-45,1
-48,1
-45,1
-45,1
-48,1
-45,1
-45,1
-45,1
-45,1
-45,1
-45,1
-47,1
-45,1
-45,1
-45,1
-45,1
-47,1
-48,1
-48,1
-48,1
-45,1
-45,1
-48,1
-45,1
-45,1
-48,1
-45,1
-48,1
-48,1
-45,1
-48,1
-44,1
-45,1
-48,1
-45,1
-45,1
-48,1
-46,1
-45,1
-45,1
-44,1
-45,1
-44,1
-48,1
-45,1
-45,1
-45,1
-45,1
-45,1
-48,1
-48,1
-48,1
-48,1
-48,1
-45,1
-48,1
-45,1
-44,1
-46,1
-45,1
-44,1
-45,1
-45,1
-45,1
-45,1
-45,1
-45,1
-45,1
-45,1
-45,1
-45,1
-45,1
-45,1
-44,1
-46,1
-47,1
-45,1
-47,1
-48,1
-45,1
-45,1
-45,1
-45,1
-48,1
-48,1
-45,1
-44,1
-44,1
-47,1
-48,1
-44,1
-48,1
-44,1
-45,1
-45,1
-45,1
-46,1
-45,1
-45,1
-45,1
-48,1
-45,1
-48,1
-47,1
-48,1
-45,1
-46,1
-45,1
-45,1
-47,1
-45,1
-45,1
-45,1
-45,1
-45,1
-48,1
-45,1
-45,1
-48,1
-45,1
-45,1
-45,1
-47,1
-44,1
-48,1
-45,1
-45,1
-48,1
-46,1
-48,1
-45,1
-45,1
-45,1
-45,1
-45,1
-48,1
-45,1
-45,1
-48,1
-45,1
-48,1
-48,1
-45,1
-44,1
-45,1
-46,1
-45,1
-45,1
-45,1
-47,1
-45,1
-48,1
-45,1
-45,1
-45,1
-48,1
-45,1
-48,1
-44,1
-48,1
-45,1
-47,1
-48,1
-47,1
-45,1
-45,1
-45,1
-45,1
-45,1
-45,1
-46,1
-45,1
-45,1
-45,1
-45,1
-45,1
-45,1
-47,1
-45,1
-45,1
-48,1
-48,1
-45,1
-45,1
-45,1
-48,1
-45,1
-45,1
-45,1
-44,1
-45,1
-45,1
-45,1
-45,1
-45,1
-47,1
-45,1
-45,1
-45,1
-45,1
-45,1
-48,1
-46,1
-45,1
-45,1
-45,1
-48,1
-46,1
-45,1
-45,1
-45,1
-45,1
-47,1
-45,1
-45,1
-45,1
-47,1
-45,1
-45,1
-48,1
-45,1
-46,1
-47,1
-45,1
-48,1
-45,1
-45,1
-45,1
-45,1
-45,1
-48,1
-46,1
-45,1
-46,1
-45,1
-46,1
-46,1
-45,1
-45,1
-45,1
-48,1
-46,1
-45,1
-44,1
-48,1
-47,1
-45,1
-44,1
-45,1
-45,1
-45,1
-45,1
-48,1
-48,1
-48,1
-46,1
-48,1
-45,1
-47,1
-45,1
-45,1
-45,1
-48,1
-46,1
-46,1
-45,1
-46,1
-47,1
-48,1
-45,1
-45,1
-45,1
-45,1
-45,1
-45,1
-45,1
-45,1
-44,1
-46,1
-44,1
-44,1
-45,1
-45,1
-44,1
-48,1
-45,1
-48,1
-45,1
-47,1
-45,1
-45,1
-45,1
-45,1
-45,1
-45,1
-45,1
-48,1
-47,1
-45,1
-45,1
-45,1
-48,1
-44,1
-48,1
-44,1
-44,1
-47,1
-44,1
-47,1
-46,1
-45,1
-45,1
-45,1
-48,1
-45,1
-45,1
-44,1
-45,1
-45,1
-46,1
-45,1
-45,1
-45,1
-46,1
-46,1
-46,1
-48,1
-45,1
-47,1
-47,1
-47,1
-46,1
-45,1
-45,1
-48,1
-45,1
-48,1
-47,1
-45,1
-45,1
-45,1
-45,1
-46,1
-45,1
-46,1
-47,1
-48,1
-45,1
-47,1
-49,1
-47,1
-48,1
-47,1
-45,1
-45,1
-47,1
-45,1
-48,1
-44,1
-45,1
-45,1
-48,1
-47,1
-46,1
-47,1
-45,1
-45,1
-45,1
-45,1
-46,1
-45,1
-44,1
-45,1
-45,1
-45,1
-45,1
-45,1
-45,1
-44,1
-45,1
-45,1
-47,1
-45,1
-51,"1,5"
-49,"1,5"
-50,"1,5"
-51,"1,5"
-50,"1,5"
-52,"1,5"
-52,"1,5"
-52,"1,5"
-50,"1,5"
-52,"1,5"
-50,"1,5"
-50,"1,5"
-49,"1,5"
-50,"1,5"
-50,"1,5"
-50,"1,5"
-50,"1,5"
-50,"1,5"
-50,"1,5"
-51,"1,5"
-50,"1,5"
-52,"1,5"
-50,"1,5"
-49,"1,5"
-49,"1,5"
-49,"1,5"
-50,"1,5"
-52,"1,5"
-50,"1,5"
-50,"1,5"
-50,"1,5"
-50,"1,5"
-50,"1,5"
-50,"1,5"
-48,"1,5"
-49,"1,5"
-52,"1,5"
-50,"1,5"
-52,"1,5"
-51,"1,5"
-50,"1,5"
-48,"1,5"
-52,"1,5"
-52,"1,5"
-49,"1,5"
-52,"1,5"
-50,"1,5"
-51,"1,5"
-50,"1,5"
-51,"1,5"
-51,"1,5"
-48,"1,5"
-51,"1,5"
-52,"1,5"
-51,"1,5"
-48,"1,5"
-48,"1,5"
-49,"1,5"
-50,"1,5"
-50,"1,5"
-48,"1,5"
-52,"1,5"
-50,"1,5"
-48,"1,5"
-50,"1,5"
-52,"1,5"
-50,"1,5"
-51,"1,5"
-48,"1,5"
-52,"1,5"
-49,"1,5"
-49,"1,5"
-50,"1,5"
-50,"1,5"
-51,"1,5"
-49,"1,5"
-52,"1,5"
-52,"1,5"
-49,"1,5"
-50,"1,5"
-50,"1,5"
-52,"1,5"
-52,"1,5"
-49,"1,5"
-52,"1,5"
-52,"1,5"
-52,"1,5"
-52,"1,5"
-51,"1,5"
-53,"1,5"
-52,"1,5"
-51,"1,5"
-52,"1,5"
-52,"1,5"
-50,"1,5"
-49,"1,5"
-52,"1,5"
-52,"1,5"
-50,"1,5"
-50,"1,5"
-54,"1,5"
-50,"1,5"
-53,"1,5"
-49,"1,5"
-54,"1,5"
-51,"1,5"
-49,"1,5"
-52,"1,5"
-52,"1,5"
-52,"1,5"
-50,"1,5"
-50,"1,5"
-50,"1,5"
-50,"1,5"
-51,"1,5"
-51,"1,5"
-49,"1,5"
-50,"1,5"
-52,"1,5"
-49,"1,5"
-49,"1,5"
-51,"1,5"
-51,"1,5"
-52,"1,5"
-50,"1,5"
-52,"1,5"
-50,"1,5"
-51,"1,5"
-50,"1,5"
-52,"1,5"
-50,"1,5"
-50,"1,5"
-50,"1,5"
-52,"1,5"
-50,"1,5"
-49,"1,5"
-49,"1,5"
-50,"1,5"
-50,"1,5"
-49,"1,5"
-50,"1,5"
-50,"1,5"
-50,"1,5"
-50,"1,5"
-50,"1,5"
-49,"1,5"
-50,"1,5"
-49,"1,5"
-51,"1,5"
-52,"1,5"
-51,"1,5"
-50,"1,5"
-50,"1,5"
-52,"1,5"
-52,"1,5"
-51,"1,5"
-51,"1,5"
-50,"1,5"
-52,"1,5"
-49,"1,5"
-49,"1,5"
-50,"1,5"
-52,"1,5"
-53,"1,5"
-49,"1,5"
-50,"1,5"
-52,"1,5"
-51,"1,5"
-50,"1,5"
-51,"1,5"
-58,"1,5"
-53,"1,5"
-50,"1,5"
-59,"1,5"
-52,"1,5"
-52,"1,5"
-50,"1,5"
-51,"1,5"
-52,"1,5"
-52,"1,5"
-53,"1,5"
-49,"1,5"
-52,"1,5"
-51,"1,5"
-52,"1,5"
-48,"1,5"
-50,"1,5"
-52,"1,5"
-50,"1,5"
-58,"1,5"
-50,"1,5"
-52,"1,5"
-53,"1,5"
-50,"1,5"
-51,"1,5"
-50,"1,5"
-52,"1,5"
-50,"1,5"
-48,"1,5"
-48,"1,5"
-55,"1,5"
-49,"1,5"
-49,"1,5"
-49,"1,5"
-49,"1,5"
-51,"1,5"
-53,"1,5"
-49,"1,5"
-53,"1,5"
-53,"1,5"
-49,"1,5"
-49,"1,5"
-53,"1,5"
-54,"1,5"
-49,"1,5"
-49,"1,5"
-50,"1,5"
-49,"1,5"
-53,"1,5"
-49,"1,5"
-48,"1,5"
-50,"1,5"
-51,"1,5"
-53,"1,5"
-52,"1,5"
-50,"1,5"
-49,"1,5"
-50,"1,5"
-50,"1,5"
-49,"1,5"
-60,"1,5"
-52,"1,5"
-50,"1,5"
-49,"1,5"
-49,"1,5"
-52,"1,5"
-52,"1,5"
-52,"1,5"
-49,"1,5"
-52,"1,5"
-51,"1,5"
-49,"1,5"
-49,"1,5"
-49,"1,5"
-50,"1,5"
-49,"1,5"
-49,"1,5"
-50,"1,5"
-53,"1,5"
-51,"1,5"
-52,"1,5"
-53,"1,5"
-52,"1,5"
-48,"1,5"
-56,"1,5"
-50,"1,5"
-50,"1,5"
-49,"1,5"
-57,"1,5"
-50,"1,5"
-49,"1,5"
-49,"1,5"
-49,"1,5"
-50,"1,5"
-49,"1,5"
-48,"1,5"
-52,"1,5"
-49,"1,5"
-50,"1,5"
-52,"1,5"
-52,"1,5"
-49,"1,5"
-54,"1,5"
-50,"1,5"
-49,"1,5"
-50,"1,5"
-50,"1,5"
-56,"1,5"
-62,"1,5"
-50,"1,5"
-49,"1,5"
-49,"1,5"
-50,"1,5"
-55,"1,5"
-48,"1,5"
-57,"1,5"
-49,"1,5"
-49,"1,5"
-49,"1,5"
-49,"1,5"
-54,"1,5"
-54,"1,5"
-49,"1,5"
-53,"1,5"
-53,"1,5"
-53,"1,5"
-50,"1,5"
-53,"1,5"
-50,"1,5"
-58,"1,5"
-49,"1,5"
-51,"1,5"
-55,"1,5"
-50,"1,5"
-50,"1,5"
-49,"1,5"
-55,"1,5"
-54,"1,5"
-55,"1,5"
-54,"1,5"
-50,"1,5"
-49,"1,5"
-50,"1,5"
-49,"1,5"
-50,"1,5"
-49,"1,5"
-48,"1,5"
-52,"1,5"
-50,"1,5"
-51,"1,5"
-51,"1,5"
-53,"1,5"
-52,"1,5"
-50,"1,5"
-50,"1,5"
-49,"1,5"
-50,"1,5"
-49,"1,5"
-54,"1,5"
-53,"1,5"
-49,"1,5"
-52,"1,5"
-53,"1,5"
-55,"1,5"
-49,"1,5"
-49,"1,5"
-49,"1,5"
-50,"1,5"
-49,"1,5"
-54,"1,5"
-50,"1,5"
-49,"1,5"
-50,"1,5"
-54,"1,5"
-54,"1,5"
-50,"1,5"
-51,"1,5"
-50,"1,5"
-54,"1,5"
-50,"1,5"
-53,"1,5"
-53,"1,5"
-50,"1,5"
-50,"1,5"
-54,"1,5"
-51,"1,5"
-52,"1,5"
-51,"1,5"
-53,"1,5"
-52,"1,5"
-49,"1,5"
-53,"1,5"
-53,"1,5"
-49,"1,5"
-49,"1,5"
-52,"1,5"
-52,"1,5"
-51,"1,5"
-49,"1,5"
-48,"1,5"
-50,"1,5"
-51,"1,5"
-49,"1,5"
-50,"1,5"
-53,"1,5"
-51,"1,5"
-50,"1,5"
-52,"1,5"
-49,"1,5"
-50,"1,5"
-49,"1,5"
-52,"1,5"
-51,"1,5"
-52,"1,5"
-52,"1,5"
-49,"1,5"
-49,"1,5"
-50,"1,5"
-51,"1,5"
-50,"1,5"
-49,"1,5"
-50,"1,5"
-52,"1,5"
-50,"1,5"
-49,"1,5"
-50,"1,5"
-50,"1,5"
-50,"1,5"
-50,"1,5"
-49,"1,5"
-52,"1,5"
-50,"1,5"
-50,"1,5"
-53,"1,5"
-50,"1,5"
-50,"1,5"
-50,"1,5"
-49,"1,5"
-52,"1,5"
-52,"1,5"
-49,"1,5"
-49,"1,5"
-53,"1,5"
-49,"1,5"
-52,"1,5"
-49,"1,5"
-51,"1,5"
-51,"1,5"
-52,"1,5"
-52,"1,5"
-52,"1,5"
-50,"1,5"
-49,"1,5"
-50,"1,5"
-50,"1,5"
-49,"1,5"
-50,"1,5"
-53,"1,5"
-52,"1,5"
-48,"1,5"
-52,"1,5"
-50,"1,5"
-53,"1,5"
-50,"1,5"
-50,"1,5"
-53,"1,5"
-51,"1,5"
-53,"1,5"
-49,"1,5"
-49,"1,5"
-54,"1,5"
-49,"1,5"
-50,"1,5"
-53,"1,5"
-49,"1,5"
-48,"1,5"
-49,"1,5"
-48,"1,5"
-48,"1,5"
-49,"1,5"
-55,"1,5"
-49,"1,5"
-56,"1,5"
-49,"1,5"
-49,"1,5"
-49,"1,5"
-49,"1,5"
-49,"1,5"
-48,"1,5"
-54,"1,5"
-48,"1,5"
-54,"1,5"
-54,"1,5"
-53,"1,5"
-49,"1,5"
-54,"1,5"
-54,"1,5"
-54,"1,5"
-49,"1,5"
-50,"1,5"
-50,"1,5"
-49,"1,5"
-54,"1,5"
-49,"1,5"
-54,"1,5"
-48,"1,5"
-49,"1,5"
-59,"1,5"
-49,"1,5"
-52,"1,5"
-49,"1,5"
-50,"1,5"
-53,"1,5"
-52,"1,5"
-51,"1,5"
-49,"1,5"
-50,"1,5"
-50,"1,5"
-55,"1,5"
-49,"1,5"
-50,"1,5"
-52,"1,5"
-50,"1,5"
-50,"1,5"
-52,"1,5"
-48,"1,5"
-49,"1,5"
-48,"1,5"
-51,"1,5"
-47,"1,5"
-51,"1,5"
-50,"1,5"
-55,"1,5"
-51,"1,5"
-52,"1,5"
-50,"1,5"
-48,"1,5"
-49,"1,5"
-50,"1,5"
-52,"1,5"
-52,"1,5"
-50,"1,5"
-50,"1,5"
-49,"1,5"
-50,"1,5"
-54,"1,5"
-53,"1,5"
-50,"1,5"
-54,"1,5"
-50,"1,5"
-54,"1,5"
-51,"1,5"
-48,"1,5"
-54,"1,5"
-50,"1,5"
-50,"1,5"
-48,"1,5"
-54,"1,5"
-50,"1,5"
-53,"1,5"
-51,"1,5"
-46,"1,5"
-52,"1,5"
-55,"1,5"
-47,"1,5"
-52,"1,5"
-53,"1,5"
-49,"1,5"
-66,"1,5"
-52,"1,5"
-50,"1,5"
-51,"1,5"
-52,"1,5"
-50,"1,5"
-49,"1,5"
-60,"1,5"
-51,"1,5"
-54,"1,5"
-50,"1,5"
-48,"1,5"
-54,"1,5"
-48,"1,5"
-50,"1,5"
-54,"1,5"
-50,"1,5"
-51,"1,5"
-52,"1,5"
-48,"1,5"
-48,"1,5"
-50,"1,5"
-49,"1,5"
-50,"1,5"
-50,"1,5"
-50,"1,5"
-49,"1,5"
-52,"1,5"
-51,"1,5"
-48,"1,5"
-52,"1,5"
-50,"1,5"
-48,"1,5"
-51,"1,5"
-49,"1,5"
-49,"1,5"
-52,"1,5"
-52,"1,5"
-50,"1,5"
-49,"1,5"
-51,"1,5"
-52,"1,5"
-49,"1,5"
-49,"1,5"
-52,"1,5"
-52,"1,5"
-52,"1,5"
-50,"1,5"
-52,"1,5"
-48,"1,5"
-52,"1,5"
-52,"1,5"
-49,"1,5"
-48,"1,5"
-51,"1,5"
-49,"1,5"
-52,"1,5"
-52,"1,5"
-50,"1,5"
-48,"1,5"
-52,"1,5"
-52,"1,5"
-50,"1,5"
-49,"1,5"
-52,"1,5"
-48,"1,5"
-50,"1,5"
-53,"1,5"
-51,"1,5"
-48,"1,5"
-52,"1,5"
-48,"1,5"
-52,"1,5"
-51,"1,5"
-51,"1,5"
-52,"1,5"
-48,"1,5"
-49,"1,5"
-52,"1,5"
-49,"1,5"
-49,"1,5"
-49,"1,5"
-52,"1,5"
-51,"1,5"
-51,"1,5"
-48,"1,5"
-51,"1,5"
-52,"1,5"
-52,"1,5"
-52,"1,5"
-52,"1,5"
-48,"1,5"
-51,"1,5"
-48,"1,5"
-51,"1,5"
-51,"1,5"
-49,"1,5"
-51,"1,5"
-52,"1,5"
-48,"1,5"
-51,"1,5"
-51,"1,5"
-52,"1,5"
-51,"1,5"
-52,"1,5"
-49,"1,5"
-48,"1,5"
-48,"1,5"
-51,"1,5"
-51,"1,5"
-51,"1,5"
-48,"1,5"
-48,"1,5"
-52,"1,5"
-52,"1,5"
-51,"1,5"
-51,"1,5"
-51,"1,5"
-48,"1,5"
-52,"1,5"
-52,"1,5"
-48,"1,5"
-52,"1,5"
-52,"1,5"
-50,"1,5"
-48,"1,5"
-51,"1,5"
-49,"1,5"
-52,"1,5"
-52,"1,5"
-52,"1,5"
-49,"1,5"
-52,"1,5"
-49,"1,5"
-48,"1,5"
-52,"1,5"
-50,"1,5"
-51,"1,5"
-50,"1,5"
-48,"1,5"
-48,"1,5"
-52,"1,5"
-52,"1,5"
-50,"1,5"
-52,"1,5"
-48,"1,5"
-48,"1,5"
-51,"1,5"
-51,"1,5"
-51,"1,5"
-52,"1,5"
-51,"1,5"
-50,"1,5"
-48,"1,5"
-52,"1,5"
-50,"1,5"
-50,"1,5"
-52,"1,5"
-49,"1,5"
-49,"1,5"
-50,"1,5"
-52,"1,5"
-52,"1,5"
-48,"1,5"
-52,"1,5"
-49,"1,5"
-48,"1,5"
-51,"1,5"
-48,"1,5"
-50,"1,5"
-52,"1,5"
-53,"1,5"
-52,"1,5"
-51,"1,5"
-50,"1,5"
-52,"1,5"
-50,"1,5"
-51,"1,5"
-52,"1,5"
-52,"1,5"
-52,"1,5"
-51,"1,5"
-52,"1,5"
-54,"1,5"
-48,"1,5"
-52,"1,5"
-52,"1,5"
-52,"1,5"
-52,"1,5"
-48,"1,5"
-48,"1,5"
-57,"1,5"
-52,"1,5"
-56,"1,5"
-56,"1,5"
-54,"1,5"
-56,"1,5"
-53,"1,5"
-56,"1,5"
-54,"1,5"
-52,"1,5"
-56,"1,5"
-54,"1,5"
-54,"1,5"
-57,"1,5"
-52,"1,5"
-55,"1,5"
-55,"1,5"
-52,"1,5"
-54,"1,5"
-52,"1,5"
-53,"1,5"
-55,"1,5"
-53,"1,5"
-53,"1,5"
-56,"1,5"
-53,"1,5"
-55,"1,5"
-57,"1,5"
-55,"1,5"
-53,"1,5"
-53,"1,5"
-57,"1,5"
-57,"1,5"
-58,"1,5"
-58,"1,5"
-55,"1,5"
-62,"1,5"
-52,"1,5"
-62,"1,5"
-56,"1,5"
-53,"1,5"
-59,"1,5"
-55,"1,5"
-56,"1,5"
-62,"1,5"
-55,"1,5"
-56,"1,5"
-53,"1,5"
-54,"1,5"
-56,"1,5"
-56,"1,5"
-53,"1,5"
-53,"1,5"
-58,"1,5"
-57,"1,5"
-57,"1,5"
-55,"1,5"
-57,"1,5"
-54,"1,5"
-53,"1,5"
-55,"1,5"
-54,"1,5"
-53,"1,5"
-55,"1,5"
-57,"1,5"
-55,"1,5"
-53,"1,5"
-58,"1,5"
-57,"1,5"
-57,"1,5"
-53,"1,5"
-54,"1,5"
-54,"1,5"
-57,"1,5"
-55,"1,5"
-56,"1,5"
-53,"1,5"
-55,"1,5"
-53,"1,5"
-54,"1,5"
-55,"1,5"
-52,"1,5"
-56,"1,5"
-56,"1,5"
-56,"1,5"
-53,"1,5"
-55,"1,5"
-57,"1,5"
-56,"1,5"
-56,"1,5"
-57,"1,5"
-55,"1,5"
-54,"1,5"
-55,"1,5"
-54,"1,5"
-58,"1,5"
-54,"1,5"
-54,"1,5"
-55,"1,5"
-54,"1,5"
-55,"1,5"
-54,"1,5"
-57,"1,5"
-56,"1,5"
-56,"1,5"
-54,"1,5"
-57,"1,5"
-55,"1,5"
-54,"1,5"
-55,"1,5"
-55,"1,5"
-55,"1,5"
-54,"1,5"
-58,"1,5"
-54,"1,5"
-54,"1,5"
-54,"1,5"
-58,"1,5"
-54,"1,5"
-54,"1,5"
-58,"1,5"
-55,"1,5"
-55,"1,5"
-54,"1,5"
-55,"1,5"
-58,"1,5"
-54,"1,5"
-58,"1,5"
-58,"1,5"
-54,"1,5"
-57,"1,5"
-55,"1,5"
-58,"1,5"
-54,"1,5"
-54,"1,5"
-54,"1,5"
-54,"1,5"
-53,"1,5"
-54,"1,5"
-55,"1,5"
-54,"1,5"
-58,"1,5"
-54,"1,5"
-56,"1,5"
-62,"1,5"
-54,"1,5"
-55,"1,5"
-57,"1,5"
-54,"1,5"
-58,"1,5"
-59,"1,5"
-55,"1,5"
-54,"1,5"
-54,"1,5"
-55,"1,5"
-54,"1,5"
-54,"1,5"
-57,"1,5"
-54,"1,5"
-54,"1,5"
-54,"1,5"
-58,"1,5"
-57,"1,5"
-55,"1,5"
-54,"1,5"
-55,"1,5"
-55,"1,5"
-58,"1,5"
-54,"1,5"
-54,"1,5"
-58,"1,5"
-54,"1,5"
-55,"1,5"
-57,"1,5"
-53,"1,5"
-58,"1,5"
-54,"1,5"
-55,"1,5"
-57,"1,5"
-53,"1,5"
-58,"1,5"
-54,"1,5"
-54,"1,5"
-59,"1,5"
-54,"1,5"
-58,"1,5"
-54,"1,5"
-58,"1,5"
-54,"1,5"
-53,"1,5"
-53,"1,5"
-54,"1,5"
-54,"1,5"
-53,"1,5"
-53,"1,5"
-58,"1,5"
-53,"1,5"
-58,"1,5"
-54,"1,5"
-54,"1,5"
-54,"1,5"
-54,"1,5"
-53,"1,5"
-54,"1,5"
-54,"1,5"
-54,"1,5"
-58,"1,5"
-53,"1,5"
-58,"1,5"
-54,"1,5"
-58,"1,5"
-53,"1,5"
-58,"1,5"
-54,"1,5"
-54,"1,5"
-54,"1,5"
-58,"1,5"
-54,"1,5"
-54,"1,5"
-53,"1,5"
-54,"1,5"
-59,"1,5"
-54,"1,5"
-54,"1,5"
-54,"1,5"
-54,"1,5"
-54,"1,5"
-54,"1,5"
-54,"1,5"
-55,"1,5"
-54,"1,5"
-58,"1,5"
-54,"1,5"
-54,"1,5"
-54,"1,5"
-57,"1,5"
-54,"1,5"
-54,"1,5"
-57,"1,5"
-55,"1,5"
-57,"1,5"
-55,"1,5"
-54,"1,5"
-58,"1,5"
-55,"1,5"
-54,"1,5"
-57,"1,5"
-54,"1,5"
-53,"1,5"
-55,"1,5"
-57,"1,5"
-54,"1,5"
-57,"1,5"
-53,"1,5"
-57,"1,5"
-53,"1,5"
-58,"1,5"
-53,"1,5"
-58,"1,5"
-53,"1,5"
-54,"1,5"
-54,"1,5"
-54,"1,5"
-58,"1,5"
-53,"1,5"
-58,"1,5"
-55,"1,5"
-55,"1,5"
-53,"1,5"
-54,"1,5"
-55,"1,5"
-64,2
-67,2
-67,2
-60,2
-55,2
-55,2
-58,2
-56,2
-66,2
-57,2
-65,2
-66,2
-56,2
-67,2
-68,2
-56,2
-59,2
-57,2
-56,2
-60,2
-60,2
-57,2
-59,2
-58,2
-66,2
-65,2
-57,2
-60,2
-66,2
-59,2
-57,2
-58,2
-60,2
-56,2
-59,2
-59,2
-66,2
-56,2
-59,2
-65,2
-66,2
-56,2
-66,2
-56,2
-59,2
-58,2
-60,2
-63,2
-57,2
-58,2
-57,2
-65,2
-56,2
-58,2
-66,2
-57,2
-58,2
-68,2
-67,2
-59,2
-66,2
-67,2
-57,2
-55,2
-56,2
-56,2
-58,2
-63,2
-58,2
-62,2
-56,2
-57,2
-56,2
-56,2
-57,2
-55,2
-56,2
-55,2
-55,2
-56,2
-56,2
-57,2
-56,2
-56,2
-63,2
-56,2
-56,2
-57,2
-56,2
-62,2
-63,2
-55,2
-55,2
-57,2
-55,2
-57,2
-62,2
-62,2
-57,2
-56,2
-57,2
-62,2
-55,2
-56,2
-62,2
-62,2
-56,2
-62,2
-62,2
-62,2
-55,2
-55,2
-58,2
-55,2
-55,2
-58,2
-55,2
-62,2
-63,2
-62,2
-62,2
-63,2
-55,2
-56,2
-58,2
-58,2
-58,2
-58,2
-57,2
-55,2
-61,2
-57,2
-55,2
-59,2
-56,2
-58,2
-56,2
-57,2
-57,2
-60,2
-57,2
-57,2
-56,2
-58,2
-57,2
-62,2
-57,2
-55,2
-57,2
-55,2
-57,2
-56,2
-62,2
-56,2
-57,2
-62,2
-63,2
-55,2
-58,2
-56,2
-64,2
-61,2
-55,2
-55,2
-55,2
-56,2
-61,2
-61,2
-55,2
-57,2
-55,2
-61,2
-61,2
-61,2
-56,2
-62,2
-57,2
-56,2
-56,2
-57,2
-61,2
-55,2
-56,2
-60,2
-56,2
-57,2
-57,2
-63,2
-59,2
-57,2
-55,2
-63,2
-63,2
-61,2
-55,2
-55,2
-57,2
-56,2
-60,2
-58,2
-60,2
-56,2
-57,2
-56,2
-60,2
-60,2
-56,2
-61,2
-55,2
-59,2
-59,2
-61,2
-58,2
-60,2
-58,2
-61,2
-60,2
-60,2
-57,2
-57,2
-58,2
-61,2
-56,2
-55,2
-57,2
-59,2
-55,2
-61,2
-61,2
-56,2
-65,2
-61,2
-58,2
-60,2
-60,2
-61,2
-57,2
-58,2
-58,2
-61,2
-58,2
-57,2
-61,2
-58,2
-56,2
-61,2
-60,2
-56,2
-57,2
-56,2
-56,2
-57,2
-56,2
-56,2
-56,2
-58,2
-56,2
-60,2
-56,2
-60,2
-57,2
-56,2
-62,2
-61,2
-56,2
-57,2
-56,2
-56,2
-57,2
-57,2
-57,2
-60,2
-57,2
-56,2
-55,2
-57,2
-57,2
-57,2
-56,2
-56,2
-58,2
-55,2
-57,2
-55,2
-56,2
-59,2
-54,2
-58,2
-56,2
-58,2
-57,2
-56,2
-60,2
-53,2
-48,2
-57,2
-50,2
-49,2
-49,2
-48,2
-57,2
-51,2
-57,2
-52,2
-48,2
-49,2
-50,2
-48,2
-59,2
-48,2
-49,2
-56,2
-57,2
-48,2
-48,2
-48,2
-56,2
-48,2
-56,2
-56,2
-57,2
-49,2
-57,2
-48,2
-56,2
-61,2
-50,2
-57,2
-49,2
-49,2
-49,2
-59,2
-48,2
-58,2
-49,2
-58,2
-57,2
-49,2
-57,2
-57,2
-56,2
-49,2
-49,2
-48,2
-58,2
-57,2
-59,2
-52,2
-56,2
-52,2
-59,2
-48,2
-48,2
-49,2
-49,2
-49,2
-58,2
-49,2
-56,2
-49,2
-57,2
-48,2
-48,2
-48,2
-47,2
-49,2
-50,2
-56,2
-48,2
-49,2
-57,2
-50,2
-49,2
-49,2
-48,2
-48,2
-49,2
-48,2
-49,2
-48,2
-46,2
-48,2
-50,2
-49,2
-58,2
-59,2
-49,2
-48,2
-54,2
-49,2
-50,2
-54,2
-60,2
-51,2
-51,2
-49,2
-55,2
-49,2
-48,2
-49,2
-48,2
-49,2
-48,2
-59,2
-48,2
-50,2
-60,2
-49,2
-48,2
-48,2
-59,2
-48,2
-48,2
-49,2
-48,2
-50,2
-49,2
-49,2
-47,2
-58,2
-57,2
-49,2
-48,2
-48,2
-48,2
-48,2
-48,2
-57,2
-48,2
-49,2
-49,2
-57,2
-48,2
-48,2
-52,2
-57,2
-56,2
-55,2
-50,2
-55,2
-57,2
-50,2
-58,2
-48,2
-57,2
-50,2
-49,2
-49,2
-50,2
-48,2
-49,2
-59,2
-48,2
-58,2
-49,2
-48,2
-49,2
-49,2
-48,2
-58,2
-49,2
-61,2
-49,2
-48,2
-51,2
-58,2
-59,2
-48,2
-58,2
-58,2
-48,2
-58,2
-56,2
-56,2
-48,2
-50,2
-58,2
-48,2
-48,2
-49,2
-48,2
-48,2
-48,2
-48,2
-60,2
-59,2
-58,2
-48,2
-48,2
-49,2
-58,2
-49,2
-59,2
-58,2
-49,2
-58,2
-49,2
-48,2
-49,2
-49,2
-49,2
-48,2
-47,2
-49,2
-48,2
-54,2
-52,2
-53,2
-47,2
-53,2
-52,2
-48,2
-53,2
-52,2
-49,2
-54,2
-53,2
-48,2
-53,2
-49,2
-53,2
-53,2
-48,2
-52,2
-52,2
-54,2
-55,2
-54,2
-51,2
-48,2
-50,2
-54,2
-51,2
-48,2
-54,2
-47,2
-51,2
-52,2
-48,2
-52,2
-51,2
-53,2
-54,2
-48,2
-54,2
-48,2
-54,2
-47,2
-47,2
-54,2
-48,2
-53,2
-53,2
-48,2
-51,2
-48,2
-54,2
-54,2
-48,2
-48,2
-51,2
-48,2
-49,2
-48,2
-54,2
-47,2
-52,2
-54,2
-48,2
-52,2
-51,2
-48,2
-52,2
-49,2
-47,2
-52,2
-53,2
-52,2
-51,2
-48,2
-51,2
-48,2
-53,2
-48,2
-54,2
-51,2
-52,2
-51,2
-54,2
-52,2
-51,2
-48,2
-48,2
-48,2
-48,2
-47,2
-48,2
-54,2
-54,2
-47,2
-52,2
-54,2
-48,2
-52,2
-52,2
-54,2
-52,2
-50,2
-54,2
-52,2
-54,2
-48,2
-54,2
-54,2
-48,2
-48,2
-55,2
-55,2
-53,2
-48,2
-55,2
-54,2
-55,2
-55,2
-58,2
-55,2
-47,2
-55,2
-52,2
-56,2
-55,2
-48,2
-47,2
-55,2
-47,2
-48,2
-53,2
-52,2
-55,2
-52,2
-55,2
-53,2
-56,2
-55,2
-52,2
-52,2
-52,2
-48,2
-52,2
-48,2
-54,2
-48,2
-55,2
-47,2
-53,2
-48,2
-55,2
-47,2
-54,2
-55,2
-54,2
-47,2
-54,2
-48,2
-54,2
-54,2
-54,2
-54,2
-55,2
-48,2
-54,2
-48,2
-53,2
-54,2
-56,2
-49,2
-61,2
-48,2
-54,2
-53,2
-54,2
-53,2
-47,2
-53,2
-54,2
-54,2
-54,2
-53,2
-54,2
-48,2
-53,2
-53,2
-56,2
-53,2
-53,2
-47,2
-52,2
-53,2
-48,2
-48,2
-53,2
-54,2
-54,2
-53,2
-55,2
-54,2
-52,2
-51,2
-54,2
-56,2
-54,2
-53,2
-54,2
-53,2
-55,2
-53,2
-53,2
-55,2
-56,2
-54,2
-54,2
-54,2
-53,2
-54,2
-54,2
-53,2
-53,2
-54,2
-53,2
-55,2
-54,2
-55,2
-55,2
-54,2
-55,2
-53,2
-54,2
-56,2
-54,2
-54,2
-54,2
-54,2
-54,2
-53,2
-54,2
-55,2
-53,2
-54,2
-54,2
-53,2
-55,2
-54,2
-55,2
-55,2
-53,2
-55,2
-54,2
-54,2
-54,2
-54,2
-55,2
-54,2
-54,2
-53,2
-53,2
-54,2
-54,2
-54,2
-54,2
-53,2
-54,2
-54,2
-54,2
-54,2
-54,2
-54,2
-54,2
-54,2
-54,2
-54,2
-54,2
-55,2
-54,2
-54,2
-55,2
-53,2
-53,2
-54,2
-54,2
-54,2
-55,2
-54,2
-54,2
-54,2
-54,2
-54,2
-54,2
-54,2
-56,2
-54,2
-54,2
-54,2
-54,2
-55,2
-54,2
-55,2
-53,2
-53,2
-55,2
-55,2
-54,2
-53,2
-54,2
-54,2
-54,2
-56,2
-56,2
-54,2
-56,2
-53,2
-54,2
-54,2
-54,2
-56,2
-54,2
-54,2
-54,2
-55,2
-53,2
-53,2
-53,2
-55,2
-55,2
-57,2
-54,2
-53,2
-52,2
-52,2
-56,2
-54,2
-55,2
-55,2
-55,2
-52,2
-55,2
-54,2
-54,2
-54,2
-54,2
-50,2
-54,2
-53,2
-54,2
-52,2
-55,2
-54,2
-54,2
-55,2
-53,2
-54,2
-53,2
-53,2
-53,2
-54,2
-56,2
-54,2
-52,2
-54,2
-54,2
-54,2
-54,2
-54,2
-54,2
-54,2
-54,2
-54,2
-54,2
-54,2
-54,2
-54,2
-52,2
-54,2
-54,2
-54,2
-54,2
-54,2
-54,2
-54,2
-53,2
-54,2
-53,2
-53,2
-54,2
-54,2
-54,2
-54,2
-54,2
-54,2
-54,2
-52,2
-54,2
-53,2
-55,2
-54,2
-54,2
-54,2
-55,2
-53,2
-53,2
-54,2
-54,2
-53,2
-54,2
-54,2
-54,2
-52,2
-53,2
-53,2
-54,2
-54,2
-53,2
-53,2
-53,2
-54,2
-54,2
-53,2
-55,2
-54,2
-54,2
-53,2
-53,2
-53,2
-54,2
-54,2
-56,2
-54,2
-54,2
-53,2
-55,2
-54,2
-53,2
-53,2
-54,2
-53,2
-54,2
-55,2
-53,2
-54,2
-53,2
-53,2
-53,2
-54,2
-53,2
-54,2
-55,2
-55,2
-54,2
-53,2
-54,2
-54,2
-53,2
-53,2
-54,2
-53,2
-54,2
-52,2
-52,2
-53,2
-55,2
-55,2
-53,2
-52,2
-53,2
-53,2
-55,2
-52,2
-55,2
-53,2
-53,2
-55,2
-60,2
-55,2
-54,2
-54,2
-55,2
-54,2
-56,2
-54,2
-53,2
-54,2
-55,2
-55,2
-52,2
-53,2
-54,2
-52,2
-52,2
-53,2
-54,2
-53,2
-55,"2,5"
-54,"2,5"
-54,"2,5"
-54,"2,5"
-67,"2,5"
-54,"2,5"
-54,"2,5"
-55,"2,5"
-54,"2,5"
-56,"2,5"
-66,"2,5"
-55,"2,5"
-55,"2,5"
-64,"2,5"
-54,"2,5"
-55,"2,5"
-54,"2,5"
-66,"2,5"
-72,"2,5"
-54,"2,5"
-55,"2,5"
-66,"2,5"
-55,"2,5"
-54,"2,5"
-54,"2,5"
-55,"2,5"
-54,"2,5"
-53,"2,5"
-56,"2,5"
-64,"2,5"
-54,"2,5"
-54,"2,5"
-57,"2,5"
-66,"2,5"
-56,"2,5"
-54,"2,5"
-54,"2,5"
-65,"2,5"
-54,"2,5"
-54,"2,5"
-55,"2,5"
-55,"2,5"
-54,"2,5"
-55,"2,5"
-55,"2,5"
-64,"2,5"
-65,"2,5"
-64,"2,5"
-55,"2,5"
-54,"2,5"
-55,"2,5"
-54,"2,5"
-55,"2,5"
-54,"2,5"
-64,"2,5"
-55,"2,5"
-55,"2,5"
-54,"2,5"
-55,"2,5"
-54,"2,5"
-65,"2,5"
-54,"2,5"
-54,"2,5"
-55,"2,5"
-54,"2,5"
-54,"2,5"
-64,"2,5"
-64,"2,5"
-54,"2,5"
-56,"2,5"
-55,"2,5"
-55,"2,5"
-64,"2,5"
-56,"2,5"
-54,"2,5"
-54,"2,5"
-64,"2,5"
-72,"2,5"
-54,"2,5"
-54,"2,5"
-54,"2,5"
-65,"2,5"
-64,"2,5"
-64,"2,5"
-63,"2,5"
-55,"2,5"
-55,"2,5"
-64,"2,5"
-55,"2,5"
-66,"2,5"
-55,"2,5"
-56,"2,5"
-63,"2,5"
-54,"2,5"
-63,"2,5"
-64,"2,5"
-56,"2,5"
-64,"2,5"
-54,"2,5"
-65,"2,5"
-55,"2,5"
-55,"2,5"
-64,"2,5"
-54,"2,5"
-55,"2,5"
-65,"2,5"
-55,"2,5"
-55,"2,5"
-64,"2,5"
-54,"2,5"
-56,"2,5"
-67,"2,5"
-53,"2,5"
-54,"2,5"
-56,"2,5"
-56,"2,5"
-59,"2,5"
-69,"2,5"
-54,"2,5"
-54,"2,5"
-52,"2,5"
-56,"2,5"
-62,"2,5"
-55,"2,5"
-54,"2,5"
-56,"2,5"
-64,"2,5"
-66,"2,5"
-57,"2,5"
-64,"2,5"
-56,"2,5"
-67,"2,5"
-55,"2,5"
-62,"2,5"
-55,"2,5"
-56,"2,5"
-60,"2,5"
-55,"2,5"
-62,"2,5"
-54,"2,5"
-54,"2,5"
-55,"2,5"
-66,"2,5"
-54,"2,5"
-57,"2,5"
-57,"2,5"
-54,"2,5"
-55,"2,5"
-54,"2,5"
-53,"2,5"
-69,"2,5"
-56,"2,5"
-65,"2,5"
-56,"2,5"
-53,"2,5"
-57,"2,5"
-64,"2,5"
-57,"2,5"
-56,"2,5"
-53,"2,5"
-68,"2,5"
-57,"2,5"
-55,"2,5"
-72,"2,5"
-57,"2,5"
-57,"2,5"
-61,"2,5"
-55,"2,5"
-55,"2,5"
-55,"2,5"
-64,"2,5"
-60,"2,5"
-55,"2,5"
-55,"2,5"
-62,"2,5"
-56,"2,5"
-63,"2,5"
-57,"2,5"
-61,"2,5"
-56,"2,5"
-55,"2,5"
-55,"2,5"
-56,"2,5"
-62,"2,5"
-55,"2,5"
-63,"2,5"
-62,"2,5"
-60,"2,5"
-55,"2,5"
-61,"2,5"
-61,"2,5"
-55,"2,5"
-54,"2,5"
-56,"2,5"
-61,"2,5"
-55,"2,5"
-61,"2,5"
-62,"2,5"
-63,"2,5"
-54,"2,5"
-68,"2,5"
-55,"2,5"
-55,"2,5"
-55,"2,5"
-56,"2,5"
-55,"2,5"
-55,"2,5"
-55,"2,5"
-54,"2,5"
-55,"2,5"
-57,"2,5"
-56,"2,5"
-55,"2,5"
-55,"2,5"
-54,"2,5"
-54,"2,5"
-65,"2,5"
-55,"2,5"
-64,"2,5"
-64,"2,5"
-55,"2,5"
-56,"2,5"
-56,"2,5"
-55,"2,5"
-54,"2,5"
-55,"2,5"
-54,"2,5"
-62,"2,5"
-62,"2,5"
-62,"2,5"
-54,"2,5"
-63,"2,5"
-54,"2,5"
-56,"2,5"
-56,"2,5"
-65,"2,5"
-56,"2,5"
-56,"2,5"
-56,"2,5"
-54,"2,5"
-62,"2,5"
-64,"2,5"
-55,"2,5"
-65,"2,5"
-56,"2,5"
-54,"2,5"
-64,"2,5"
-65,"2,5"
-55,"2,5"
-56,"2,5"
-54,"2,5"
-63,"2,5"
-55,"2,5"
-54,"2,5"
-62,"2,5"
-55,"2,5"
-54,"2,5"
-64,"2,5"
-56,"2,5"
-56,"2,5"
-55,"2,5"
-62,"2,5"
-63,"2,5"
-63,"2,5"
-56,"2,5"
-64,"2,5"
-63,"2,5"
-57,"2,5"
-56,"2,5"
-57,"2,5"
-56,"2,5"
-63,"2,5"
-57,"2,5"
-55,"2,5"
-56,"2,5"
-65,"2,5"
-54,"2,5"
-65,"2,5"
-64,"2,5"
-63,"2,5"
-55,"2,5"
-63,"2,5"
-56,"2,5"
-54,"2,5"
-58,"2,5"
-56,"2,5"
-66,"2,5"
-66,"2,5"
-54,"2,5"
-55,"2,5"
-55,"2,5"
-55,"2,5"
-54,"2,5"
-63,"2,5"
-59,"2,5"
-53,"2,5"
-59,"2,5"
-61,"2,5"
-59,"2,5"
-59,"2,5"
-58,"2,5"
-61,"2,5"
-59,"2,5"
-54,"2,5"
-66,"2,5"
-64,"2,5"
-57,"2,5"
-56,"2,5"
-56,"2,5"
-60,"2,5"
-57,"2,5"
-58,"2,5"
-56,"2,5"
-64,"2,5"
-63,"2,5"
-64,"2,5"
-54,"2,5"
-53,"2,5"
-55,"2,5"
-64,"2,5"
-63,"2,5"
-65,"2,5"
-61,"2,5"
-52,"2,5"
-59,"2,5"
-56,"2,5"
-54,"2,5"
-63,"2,5"
-56,"2,5"
-57,"2,5"
-54,"2,5"
-55,"2,5"
-63,"2,5"
-56,"2,5"
-56,"2,5"
-65,"2,5"
-63,"2,5"
-57,"2,5"
-54,"2,5"
-58,"2,5"
-53,"2,5"
-64,"2,5"
-54,"2,5"
-61,"2,5"
-54,"2,5"
-54,"2,5"
-57,"2,5"
-60,"2,5"
-54,"2,5"
-70,"2,5"
-54,"2,5"
-53,"2,5"
-63,"2,5"
-54,"2,5"
-61,"2,5"
-58,"2,5"
-53,"2,5"
-72,"2,5"
-68,"2,5"
-60,"2,5"
-66,"2,5"
-61,"2,5"
-67,"2,5"
-58,"2,5"
-66,"2,5"
-71,"2,5"
-63,"2,5"
-60,"2,5"
-52,"2,5"
-67,"2,5"
-53,"2,5"
-69,"2,5"
-53,"2,5"
-68,"2,5"
-67,"2,5"
-61,"2,5"
-54,"2,5"
-57,"2,5"
-57,"2,5"
-53,"2,5"
-53,"2,5"
-53,"2,5"
-61,"2,5"
-62,"2,5"
-55,"2,5"
-53,"2,5"
-61,"2,5"
-62,"2,5"
-63,"2,5"
-54,"2,5"
-72,"2,5"
-54,"2,5"
-72,"2,5"
-53,"2,5"
-62,"2,5"
-70,"2,5"
-70,"2,5"
-54,"2,5"
-53,"2,5"
-72,"2,5"
-69,"2,5"
-69,"2,5"
-67,"2,5"
-54,"2,5"
-73,"2,5"
-53,"2,5"
-58,"2,5"
-52,"2,5"
-70,"2,5"
-58,"2,5"
-58,"2,5"
-54,"2,5"
-58,"2,5"
-70,"2,5"
-58,"2,5"
-70,"2,5"
-58,"2,5"
-59,"2,5"
-54,"2,5"
-59,"2,5"
-66,"2,5"
-54,"2,5"
-70,"2,5"
-59,"2,5"
-58,"2,5"
-54,"2,5"
-54,"2,5"
-55,"2,5"
-54,"2,5"
-59,"2,5"
-58,"2,5"
-56,"2,5"
-56,"2,5"
-67,"2,5"
-64,"2,5"
-58,"2,5"
-55,"2,5"
-54,"2,5"
-57,"2,5"
-60,"2,5"
-54,"2,5"
-54,"2,5"
-78,"2,5"
-77,"2,5"
-79,"2,5"
-71,"2,5"
-72,"2,5"
-59,"2,5"
-56,"2,5"
-55,"2,5"
-57,"2,5"
-71,"2,5"
-56,"2,5"
-55,"2,5"
-58,"2,5"
-56,"2,5"
-68,"2,5"
-74,"2,5"
-74,"2,5"
-78,"2,5"
-54,"2,5"
-55,"2,5"
-56,"2,5"
-57,"2,5"
-74,"2,5"
-54,"2,5"
-57,"2,5"
-55,"2,5"
-69,"2,5"
-57,"2,5"
-55,"2,5"
-68,"2,5"
-53,"2,5"
-56,"2,5"
-54,"2,5"
-54,"2,5"
-72,"2,5"
-58,"2,5"
-55,"2,5"
-72,"2,5"
-56,"2,5"
-54,"2,5"
-56,"2,5"
-57,"2,5"
-57,"2,5"
-54,"2,5"
-54,"2,5"
-54,"2,5"
-54,"2,5"
-53,"2,5"
-72,"2,5"
-57,"2,5"
-58,"2,5"
-54,"2,5"
-56,"2,5"
-54,"2,5"
-74,"2,5"
-57,"2,5"
-61,"2,5"
-59,"2,5"
-62,"2,5"
-56,"2,5"
-57,"2,5"
-61,"2,5"
-58,"2,5"
-56,"2,5"
-61,"2,5"
-56,"2,5"
-56,"2,5"
-65,"2,5"
-64,"2,5"
-54,"2,5"
-57,"2,5"
-55,"2,5"
-56,"2,5"
-55,"2,5"
-56,"2,5"
-55,"2,5"
-55,"2,5"
-55,"2,5"
-57,"2,5"
-66,"2,5"
-57,"2,5"
-56,"2,5"
-57,"2,5"
-54,"2,5"
-65,"2,5"
-55,"2,5"
-55,"2,5"
-56,"2,5"
-63,"2,5"
-57,"2,5"
-62,"2,5"
-55,"2,5"
-64,"2,5"
-55,"2,5"
-63,"2,5"
-55,"2,5"
-55,"2,5"
-55,"2,5"
-65,"2,5"
-55,"2,5"
-56,"2,5"
-55,"2,5"
-55,"2,5"
-66,"2,5"
-55,"2,5"
-65,"2,5"
-66,"2,5"
-55,"2,5"
-66,"2,5"
-55,"2,5"
-55,"2,5"
-74,"2,5"
-55,"2,5"
-56,"2,5"
-56,"2,5"
-56,"2,5"
-56,"2,5"
-62,"2,5"
-55,"2,5"
-54,"2,5"
-58,"2,5"
-59,"2,5"
-58,"2,5"
-58,"2,5"
-69,"2,5"
-59,"2,5"
-74,"2,5"
-58,"2,5"
-65,"2,5"
-53,"2,5"
-75,"2,5"
-61,"2,5"
-57,"2,5"
-69,"2,5"
-69,"2,5"
-57,"2,5"
-54,"2,5"
-54,"2,5"
-67,"2,5"
-53,"2,5"
-66,"2,5"
-54,"2,5"
-56,"2,5"
-53,"2,5"
-54,"2,5"
-54,"2,5"
-69,"2,5"
-58,"2,5"
-69,"2,5"
-53,"2,5"
-54,"2,5"
-59,"2,5"
-72,"2,5"
-54,"2,5"
-57,"2,5"
-54,"2,5"
-70,"2,5"
-57,"2,5"
-72,"2,5"
-57,"2,5"
-58,"2,5"
-68,"2,5"
-68,"2,5"
-58,"2,5"
-58,"2,5"
-54,"2,5"
-69,"2,5"
-72,"2,5"
-69,"2,5"
-58,"2,5"
-54,"2,5"
-54,"2,5"
-57,"2,5"
-53,"2,5"
-57,"2,5"
-57,"2,5"
-54,"2,5"
-68,"2,5"
-58,"2,5"
-54,"2,5"
-54,"2,5"
-68,"2,5"
-69,"2,5"
-60,"2,5"
-53,"2,5"
-60,"2,5"
-53,"2,5"
-72,"2,5"
-72,"2,5"
-53,"2,5"
-59,"2,5"
-59,"2,5"
-53,"2,5"
-54,"2,5"
-69,"2,5"
-70,"2,5"
-83,"2,5"
-65,"2,5"
-59,"2,5"
-53,"2,5"
-59,"2,5"
-59,"2,5"
-68,"2,5"
-58,"2,5"
-54,"2,5"
-68,"2,5"
-54,"2,5"
-56,"2,5"
-56,"2,5"
-57,"2,5"
-69,"2,5"
-53,"2,5"
-56,"2,5"
-54,"2,5"
-57,"2,5"
-69,"2,5"
-56,"2,5"
-53,"2,5"
-59,"2,5"
-65,"2,5"
-53,"2,5"
-56,"2,5"
-54,"2,5"
-54,"2,5"
-64,"2,5"
-62,"2,5"
-57,"2,5"
-54,"2,5"
-54,"2,5"
-56,"2,5"
-68,"2,5"
-54,"2,5"
-67,"2,5"
-66,"2,5"
-56,"2,5"
-66,"2,5"
-68,"2,5"
-58,"2,5"
-58,"2,5"
-58,"2,5"
-64,"2,5"
-57,"2,5"
-64,"2,5"
-65,"2,5"
-63,"2,5"
-59,"2,5"
-54,"2,5"
-55,"2,5"
-58,"2,5"
-55,"2,5"
-55,"2,5"
-57,"2,5"
-56,"2,5"
-73,"2,5"
-54,"2,5"
-55,"2,5"
-65,"2,5"
-54,"2,5"
-55,"2,5"
-54,"2,5"
-55,"2,5"
-72,"2,5"
-55,"2,5"
-55,"2,5"
-67,"2,5"
-69,"2,5"
-56,"2,5"
-55,"2,5"
-56,"2,5"
-55,"2,5"
-55,"2,5"
-55,"2,5"
-55,"2,5"
-66,"2,5"
-55,"2,5"
-69,"2,5"
-70,"2,5"
-55,"2,5"
-56,"2,5"
-56,"2,5"
-67,"2,5"
-54,"2,5"
-83,"2,5"
-56,"2,5"
-58,"2,5"
-69,"2,5"
-72,"2,5"
-69,"2,5"
-57,"2,5"
-76,"2,5"
-57,"2,5"
-56,"2,5"
-57,"2,5"
-69,"2,5"
-58,"2,5"
-56,"2,5"
-84,"2,5"
-68,"2,5"
-55,"2,5"
-56,"2,5"
-56,"2,5"
-81,"2,5"
-56,"2,5"
-55,"2,5"
-56,"2,5"
-71,"2,5"
-55,"2,5"
-56,"2,5"
-55,"2,5"
-59,"2,5"
-56,"2,5"
-72,"2,5"
-56,"2,5"
-70,"2,5"
-55,"2,5"
-63,"2,5"
-74,"2,5"
-55,"2,5"
-56,"2,5"
-54,"2,5"
-56,"2,5"
-56,"2,5"
-67,"2,5"
-56,"2,5"
-66,"2,5"
-55,"2,5"
-56,"2,5"
-65,"2,5"
-56,"2,5"
-71,"2,5"
-68,"2,5"
-57,"2,5"
-68,"2,5"
-56,"2,5"
-55,"2,5"
-66,"2,5"
-56,"2,5"
-67,"2,5"
-57,"2,5"
-56,"2,5"
-56,"2,5"
-56,"2,5"
-56,"2,5"
-76,"2,5"
-56,"2,5"
-54,"2,5"
-70,"2,5"
-57,"2,5"
-58,"2,5"
-66,"2,5"
-55,"2,5"
-72,"2,5"
-69,"2,5"
-56,"2,5"
-69,"2,5"
-67,"2,5"
-57,"2,5"
-56,"2,5"
-66,"2,5"
-68,"2,5"
-56,"2,5"
-57,"2,5"
-70,"2,5"
-55,"2,5"
-56,"2,5"
-55,"2,5"
-55,"2,5"
-68,"2,5"
-55,"2,5"
-54,"2,5"
-56,"2,5"
-56,"2,5"
-69,"2,5"
-55,"2,5"
-56,"2,5"
-68,"2,5"
-55,"2,5"
-55,"2,5"
-59,"2,5"
-67,"2,5"
-54,"2,5"
-57,"2,5"
-68,"2,5"
-69,"2,5"
-54,"2,5"
-55,"2,5"
-56,"2,5"
-56,"2,5"
-55,"2,5"
-55,"2,5"
-68,"2,5"
-56,"2,5"
-57,"2,5"
-53,"2,5"
-56,"2,5"
-65,"2,5"
-63,"2,5"
-62,"2,5"
-56,"2,5"
-66,"2,5"
-66,"2,5"
-66,"2,5"
-54,"2,5"
-53,"2,5"
-54,"2,5"
-66,"2,5"
-66,"2,5"
-53,"2,5"
-62,"2,5"
-60,"2,5"
-81,"2,5"
-70,"2,5"
-62,"2,5"
-60,"2,5"
-57,"2,5"
-69,"2,5"
-66,"2,5"
-55,"2,5"
-68,"2,5"
-58,"2,5"
-57,"2,5"
-64,"2,5"
-65,"2,5"
-67,"2,5"
-69,"2,5"
-67,"2,5"
-61,"2,5"
-57,"2,5"
-68,"2,5"
-57,"2,5"
-60,"2,5"
-59,"2,5"
-64,"2,5"
-56,"2,5"
-57,"2,5"
-66,"2,5"
-66,"2,5"
-57,"2,5"
-58,"2,5"
-58,"2,5"
-68,"2,5"
-63,"2,5"
-66,"2,5"
-57,"2,5"
-65,"2,5"
-64,"2,5"
-64,"2,5"
-64,"2,5"
-57,"2,5"
-64,"2,5"
-64,"2,5"
-57,"2,5"
-56,"2,5"
-58,"2,5"
-59,"2,5"
-59,"2,5"
-64,"2,5"
-56,"2,5"
-56,"2,5"
-66,"2,5"
-59,"2,5"
-70,"2,5"
-58,"2,5"
-57,"2,5"
-56,"2,5"
-57,"2,5"
-71,"2,5"
-59,"2,5"
-67,"2,5"
-69,"2,5"
-66,"2,5"
-57,"2,5"
-57,"2,5"
-58,"2,5"
-58,"2,5"
-59,"2,5"
-58,"2,5"
-59,"2,5"
-66,"2,5"
-66,"2,5"
-57,"2,5"
-58,"2,5"
-57,"2,5"
-82,"2,5"
-59,"2,5"
-59,"2,5"
-77,"2,5"
-59,"2,5"
-59,"2,5"
-56,"2,5"
-59,"2,5"
-57,"2,5"
-65,"2,5"
-62,"2,5"
-57,"2,5"
-58,"2,5"
-69,"2,5"
-68,"2,5"
-70,"2,5"
-61,"2,5"
-57,"2,5"
-57,"2,5"
-57,"2,5"
-60,"2,5"
-72,"2,5"
-57,"2,5"
-59,"2,5"
-57,"2,5"
-59,"2,5"
-58,"2,5"
-61,"2,5"
-76,"2,5"
-58,"2,5"
-58,"2,5"
-58,"2,5"
-57,"2,5"
-58,"2,5"
-74,"2,5"
-59,"2,5"
-74,"2,5"
-58,"2,5"
-58,"2,5"
-58,"2,5"
-73,"2,5"
-70,"2,5"
-72,"2,5"
-70,"2,5"
-57,"2,5"
-58,"2,5"
-58,"2,5"
-71,"2,5"
-71,"2,5"
-66,"2,5"
-59,"2,5"
-57,"2,5"
-59,"2,5"
-74,"2,5"
-59,"2,5"
-59,"2,5"
-58,"2,5"
-71,"2,5"
-71,"2,5"
-58,"2,5"
-57,"2,5"
-58,"2,5"
-58,"2,5"
-57,"2,5"
-58,"2,5"
-81,"2,5"
-75,"2,5"
-57,"2,5"
-74,"2,5"
-71,"2,5"
-58,"2,5"
-74,"2,5"
-72,"2,5"
-69,"2,5"
-56,"2,5"
-61,3
-70,3
-58,3
-68,3
-59,3
-58,3
-58,3
-72,3
-58,3
-58,3
-58,3
-58,3
-61,3
-60,3
-68,3
-59,3
-59,3
-61,3
-68,3
-68,3
-58,3
-58,3
-60,3
-64,3
-60,3
-62,3
-60,3
-61,3
-74,3
-66,3
-60,3
-63,3
-62,3
-70,3
-63,3
-70,3
-61,3
-61,3
-65,3
-61,3
-61,3
-63,3
-60,3
-68,3
-58,3
-68,3
-69,3
-66,3
-66,3
-75,3
-59,3
-72,3
-72,3
-64,3
-60,3
-60,3
-66,3
-69,3
-59,3
-74,3
-70,3
-70,3
-62,3
-63,3
-66,3
-59,3
-60,3
-67,3
-60,3
-67,3
-59,3
-64,3
-61,3
-62,3
-64,3
-65,3
-60,3
-61,3
-64,3
-60,3
-67,3
-60,3
-60,3
-59,3
-65,3
-68,3
-68,3
-60,3
-60,3
-67,3
-68,3
-62,3
-63,3
-66,3
-66,3
-66,3
-61,3
-61,3
-60,3
-61,3
-61,3
-64,3
-57,3
-71,3
-71,3
-60,3
-60,3
-65,3
-68,3
-62,3
-60,3
-58,3
-63,3
-59,3
-61,3
-61,3
-63,3
-64,3
-60,3
-64,3
-65,3
-65,3
-59,3
-66,3
-65,3
-66,3
-66,3
-65,3
-60,3
-61,3
-63,3
-64,3
-65,3
-66,3
-67,3
-65,3
-63,3
-64,3
-65,3
-60,3
-65,3
-64,3
-64,3
-63,3
-59,3
-63,3
-63,3
-60,3
-63,3
-60,3
-65,3
-60,3
-65,3
-64,3
-61,3
-61,3
-64,3
-61,3
-64,3
-66,3
-66,3
-66,3
-60,3
-64,3
-65,3
-64,3
-66,3
-67,3
-60,3
-64,3
-66,3
-60,3
-65,3
-60,3
-68,3
-63,3
-61,3
-61,3
-60,3
-64,3
-74,3
-61,3
-65,3
-62,3
-61,3
-67,3
-60,3
-65,3
-62,3
-61,3
-63,3
-65,3
-63,3
-62,3
-63,3
-67,3
-64,3
-65,3
-63,3
-63,3
-65,3
-62,3
-63,3
-64,3
-60,3
-63,3
-63,3
-63,3
-61,3
-63,3
-63,3
-61,3
-61,3
-66,3
-65,3
-64,3
-65,3
-64,3
-65,3
-60,3
-65,3
-62,3
-60,3
-60,3
-65,3
-65,3
-61,3
-66,3
-65,3
-66,3
-65,3
-67,3
-66,3
-66,3
-63,3
-66,3
-65,3
-66,3
-64,3
-63,3
-63,3
-63,3
-66,3
-64,3
-64,3
-60,3
-60,3
-66,3
-63,3
-66,3
-61,3
-64,3
-64,3
-66,3
-66,3
-64,3
-62,3
-64,3
-67,3
-64,3
-65,3
-65,3
-64,3
-64,3
-64,3
-64,3
-65,3
-64,3
-67,3
-66,3
-64,3
-61,3
-62,3
-65,3
-64,3
-65,3
-64,3
-65,3
-62,3
-67,3
-60,3
-60,3
-67,3
-62,3
-65,3
-60,3
-68,3
-61,3
-65,3
-63,3
-64,3
-61,3
-65,3
-64,3
-61,3
-65,3
-60,3
-60,3
-65,3
-67,3
-61,3
-60,3
-66,3
-61,3
-65,3
-61,3
-64,3
-65,3
-65,3
-66,3
-61,3
-65,3
-62,3
-59,3
-61,3
-59,3
-61,3
-60,3
-60,3
-59,3
-61,3
-66,3
-66,3
-60,3
-59,3
-66,3
-59,3
-59,3
-60,3
-66,3
-66,3
-66,3
-66,3
-59,3
-60,3
-68,3
-68,3
-60,3
-58,3
-66,3
-61,3
-61,3
-59,3
-60,3
-66,3
-60,3
-59,3
-59,3
-59,3
-60,3
-65,3
-60,3
-60,3
-60,3
-65,3
-59,3
-65,3
-65,3
-59,3
-58,3
-59,3
-59,3
-59,3
-65,3
-60,3
-59,3
-62,3
-59,3
-61,3
-66,3
-69,3
-60,3
-65,3
-60,3
-61,3
-65,3
-65,3
-66,3
-66,3
-59,3
-64,3
-65,3
-59,3
-65,3
-60,3
-65,3
-65,3
-60,3
-61,3
-60,3
-59,3
-59,3
-66,3
-65,3
-61,3
-64,3
-64,3
-59,3
-60,3
-60,3
-60,3
-62,3
-61,3
-64,3
-60,3
-60,3
-60,3
-60,3
-66,3
-60,3
-66,3
-65,3
-66,3
-59,3
-66,3
-61,3
-61,3
-60,3
-66,3
-60,3
-60,3
-61,3
-59,3
-66,3
-61,3
-65,3
-59,3
-62,3
-66,3
-59,3
-61,3
-60,3
-65,3
-60,3
-60,3
-59,3
-60,3
-59,3
-65,3
-61,3
-68,3
-61,3
-62,3
-65,3
-61,3
-61,3
-60,3
-61,3
-66,3
-65,3
-62,3
-59,3
-60,3
-64,3
-60,3
-59,3
-58,3
-62,3
-59,3
-60,3
-64,3
-61,3
-61,3
-59,3
-61,3
-64,3
-61,3
-65,3
-60,3
-61,3
-64,3
-59,3
-60,3
-60,3
-60,3
-60,3
-59,3
-61,3
-59,3
-61,3
-60,3
-59,3
-61,3
-61,3
-65,3
-60,3
-59,3
-61,3
-59,3
-61,3
-69,3
-67,3
-67,3
-60,3
-61,3
-60,3
-60,3
-66,3
-59,3
-61,3
-61,3
-62,3
-60,3
-64,3
-63,3
-61,3
-64,3
-64,3
-64,3
-66,3
-60,3
-63,3
-62,3
-67,3
-64,3
-65,3
-62,3
-61,3
-64,3
-61,3
-62,3
-62,3
-64,3
-62,3
-67,3
-65,3
-59,3
-63,3
-65,3
-63,3
-65,3
-60,3
-59,3
-59,3
-64,3
-60,3
-62,3
-59,3
-63,3
-62,3
-60,3
-63,3
-60,3
-64,3
-63,3
-59,3
-64,3
-64,3
-65,3
-59,3
-66,3
-60,3
-64,3
-62,3
-62,3
-61,3
-60,3
-62,3
-64,3
-63,3
-60,3
-59,3
-63,3
-64,3
-62,3
-64,3
-60,3
-60,3
-64,3
-62,3
-61,3
-65,3
-59,3
-62,3
-64,3
-62,3
-64,3
-62,3
-63,3
-63,3
-61,3
-63,3
-66,3
-63,3
-62,3
-62,3
-60,3
-62,3
-64,3
-63,3
-64,3
-62,3
-60,3
-60,3
-61,3
-62,3
-63,3
-64,3
-59,3
-59,3
-64,3
-60,3
-60,3
-62,3
-64,3
-64,3
-60,3
-63,3
-62,3
-60,3
-64,3
-60,3
-64,3
-62,3
-62,3
-64,3
-64,3
-63,3
-61,3
-64,3
-62,3
-64,3
-59,3
-60,3
-64,3
-64,3
-62,3
-62,3
-64,3
-60,3
-64,3
-63,3
-59,3
-64,3
-61,3
-66,3
-61,3
-61,3
-64,3
-62,3
-60,3
-59,3
-59,3
-64,3
-59,3
-59,3
-60,3
-59,3
-61,3
-60,3
-59,3
-61,3
-61,3
-59,3
-62,3
-61,3
-63,3
-57,3
-61,3
-60,3
-59,3
-59,3
-63,3
-59,3
-63,3
-63,3
-59,3
-61,3
-61,3
-64,3
-59,3
-63,3
-63,3
-63,3
-61,3
-58,3
-64,3
-61,3
-59,3
-62,3
-61,3
-61,3
-59,3
-60,3
-64,3
-64,3
-61,3
-63,3
-61,3
-59,3
-63,3
-62,3
-60,3
-58,3
-61,3
-63,3
-63,3
-61,3
-59,3
-60,3
-61,3
-59,3
-64,3
-64,3
-61,3
-59,3
-63,3
-64,3
-63,3
-63,3
-60,3
-59,3
-61,3
-60,3
-61,3
-64,3
-64,3
-63,3
-64,3
-59,3
-60,3
-59,3
-63,3
-61,3
-61,3
-61,3
-61,3
-59,3
-61,3
-61,3
-63,3
-63,3
-59,3
-61,3
-59,3
-61,3
-61,3
-60,3
-59,3
-61,3
-61,3
-60,3
-59,3
-60,3
-60,3
-62,3
-64,3
-65,3
-64,3
-61,3
-61,3
-59,3
-59,3
-60,3
-64,3
-59,3
-62,3
-62,3
-62,3
-58,3
-60,3
-58,3
-60,3
-60,3
-62,3
-60,3
-60,3
-64,3
-63,3
-59,3
-60,3
-59,3
-59,3
-61,3
-59,3
-62,3
-61,3
-61,3
-65,3
-62,3
-61,3
-61,3
-61,3
-61,3
-64,3
-59,3
-63,3
-64,3
-64,3
-60,3
-62,3
-65,3
-62,3
-59,3
-64,3
-62,3
-61,3
-63,3
-59,3
-59,3
-64,3
-60,3
-61,3
-60,3
-59,3
-59,3
-64,3
-59,3
-63,3
-60,3
-64,3
-61,3
-64,3
-62,3
-61,3
-65,3
-64,3
-64,3
-64,3
-59,3
-63,3
-67,3
-64,3
-59,3
-63,3
-64,3
-64,3
-60,3
-61,3
-61,3
-67,3
-63,3
-61,3
-64,3
-60,3
-59,3
-61,3
-64,3
-69,3
-62,3
-62,3
-68,3
-62,3
-63,3
-65,3
-62,3
-71,3
-69,3
-64,3
-64,3
-61,3
-64,3
-67,3
-64,3
-64,3
-61,3
-63,3
-68,3
-63,3
-59,3
-66,3
-57,3
-66,3
-62,3
-61,3
-64,3
-60,3
-60,3
-57,3
-60,3
-59,3
-69,3
-62,3
-61,3
-58,3
-65,3
-63,3
-62,3
-71,3
-64,3
-60,3
-65,3
-59,3
-61,3
-60,3
-57,3
-58,3
-68,3
-62,3
-64,3
-60,3
-63,3
-58,3
-60,3
-61,3
-67,3
-58,3
-65,3
-63,3
-58,3
-66,3
-60,3
-69,3
-59,3
-59,3
-67,3
-68,3
-59,3
-68,3
-58,3
-61,3
-68,3
-70,3
-67,3
-58,3
-63,3
-71,3
-71,3
-61,3
-74,3
-74,3
-61,3
-60,3
-60,3
-62,3
-57,3
-59,3
-67,3
-64,3
-72,3
-62,3
-63,3
-61,3
-69,3
-72,3
-60,3
-60,3
-59,3
-57,3
-59,3
-59,3
-69,3
-62,3
-61,3
-66,3
-66,3
-67,3
-66,3
-58,3
-60,3
-65,3
-62,3
-62,3
-62,3
-61,3
-72,3
-64,3
-63,3
-65,3
-62,3
-62,3
-64,3
-65,3
-64,3
-62,3
-60,3
-58,3
-57,3
-58,3
-59,3
-62,3
-59,3
-66,3
-62,3
-63,3
-60,3
-60,3
-62,3
-64,3
-60,3
-57,3
-63,3
-66,3
-64,3
-65,3
-57,3
-59,3
-62,3
-66,3
-59,3
-62,3
-84,3
-70,3
-63,3
-58,3
-66,3
-72,3
-63,3
-69,3
-68,3
-63,"3,5"
-65,"3,5"
-62,"3,5"
-65,"3,5"
-60,"3,5"
-67,"3,5"
-60,"3,5"
-63,"3,5"
-59,"3,5"
-66,"3,5"
-63,"3,5"
-68,"3,5"
-62,"3,5"
-58,"3,5"
-68,"3,5"
-61,"3,5"
-75,"3,5"
-60,"3,5"
-61,"3,5"
-62,"3,5"
-61,"3,5"
-70,"3,5"
-63,"3,5"
-60,"3,5"
-63,"3,5"
-72,"3,5"
-61,"3,5"
-62,"3,5"
-66,"3,5"
-66,"3,5"
-62,"3,5"
-63,"3,5"
-65,"3,5"
-60,"3,5"
-64,"3,5"
-61,"3,5"
-62,"3,5"
-66,"3,5"
-57,"3,5"
-63,"3,5"
-64,"3,5"
-68,"3,5"
-66,"3,5"
-67,"3,5"
-61,"3,5"
-64,"3,5"
-70,"3,5"
-63,"3,5"
-66,"3,5"
-67,"3,5"
-68,"3,5"
-64,"3,5"
-64,"3,5"
-59,"3,5"
-59,"3,5"
-72,"3,5"
-67,"3,5"
-62,"3,5"
-68,"3,5"
-68,"3,5"
-67,"3,5"
-59,"3,5"
-61,"3,5"
-66,"3,5"
-58,"3,5"
-68,"3,5"
-66,"3,5"
-66,"3,5"
-67,"3,5"
-64,"3,5"
-65,"3,5"
-66,"3,5"
-61,"3,5"
-58,"3,5"
-64,"3,5"
-69,"3,5"
-57,"3,5"
-64,"3,5"
-62,"3,5"
-65,"3,5"
-64,"3,5"
-56,"3,5"
-59,"3,5"
-62,"3,5"
-57,"3,5"
-56,"3,5"
-72,"3,5"
-58,"3,5"
-57,"3,5"
-60,"3,5"
-59,"3,5"
-64,"3,5"
-64,"3,5"
-63,"3,5"
-64,"3,5"
-57,"3,5"
-59,"3,5"
-58,"3,5"
-60,"3,5"
-67,"3,5"
-59,"3,5"
-62,"3,5"
-59,"3,5"
-61,"3,5"
-58,"3,5"
-62,"3,5"
-59,"3,5"
-62,"3,5"
-67,"3,5"
-55,"3,5"
-58,"3,5"
-58,"3,5"
-58,"3,5"
-64,"3,5"
-61,"3,5"
-69,"3,5"
-64,"3,5"
-64,"3,5"
-58,"3,5"
-68,"3,5"
-63,"3,5"
-65,"3,5"
-61,"3,5"
-78,"3,5"
-60,"3,5"
-58,"3,5"
-59,"3,5"
-67,"3,5"
-59,"3,5"
-63,"3,5"
-65,"3,5"
-62,"3,5"
-59,"3,5"
-56,"3,5"
-76,"3,5"
-60,"3,5"
-59,"3,5"
-58,"3,5"
-68,"3,5"
-64,"3,5"
-61,"3,5"
-63,"3,5"
-59,"3,5"
-67,"3,5"
-63,"3,5"
-70,"3,5"
-63,"3,5"
-58,"3,5"
-70,"3,5"
-57,"3,5"
-84,"3,5"
-65,"3,5"
-58,"3,5"
-71,"3,5"
-68,"3,5"
-61,"3,5"
-73,"3,5"
-62,"3,5"
-71,"3,5"
-63,"3,5"
-65,"3,5"
-67,"3,5"
-62,"3,5"
-59,"3,5"
-60,"3,5"
-60,"3,5"
-62,"3,5"
-59,"3,5"
-60,"3,5"
-59,"3,5"
-61,"3,5"
-70,"3,5"
-69,"3,5"
-66,"3,5"
-66,"3,5"
-73,"3,5"
-72,"3,5"
-76,"3,5"
-70,"3,5"
-61,"3,5"
-60,"3,5"
-61,"3,5"
-61,"3,5"
-68,"3,5"
-64,"3,5"
-71,"3,5"
-74,"3,5"
-63,"3,5"
-60,"3,5"
-61,"3,5"
-86,"3,5"
-73,"3,5"
-62,"3,5"
-63,"3,5"
-65,"3,5"
-70,"3,5"
-70,"3,5"
-61,"3,5"
-66,"3,5"
-66,"3,5"
-67,"3,5"
-68,"3,5"
-70,"3,5"
-68,"3,5"
-68,"3,5"
-63,"3,5"
-64,"3,5"
-66,"3,5"
-63,"3,5"
-65,"3,5"
-68,"3,5"
-62,"3,5"
-67,"3,5"
-65,"3,5"
-65,"3,5"
-67,"3,5"
-62,"3,5"
-64,"3,5"
-61,"3,5"
-61,"3,5"
-64,"3,5"
-64,"3,5"
-65,"3,5"
-64,"3,5"
-65,"3,5"
-64,"3,5"
-63,"3,5"
-71,"3,5"
-65,"3,5"
-74,"3,5"
-66,"3,5"
-70,"3,5"
-68,"3,5"
-64,"3,5"
-64,"3,5"
-61,"3,5"
-66,"3,5"
-72,"3,5"
-61,"3,5"
-67,"3,5"
-66,"3,5"
-66,"3,5"
-67,"3,5"
-75,"3,5"
-64,"3,5"
-69,"3,5"
-65,"3,5"
-66,"3,5"
-69,"3,5"
-69,"3,5"
-63,"3,5"
-68,"3,5"
-66,"3,5"
-62,"3,5"
-62,"3,5"
-65,"3,5"
-63,"3,5"
-64,"3,5"
-63,"3,5"
-62,"3,5"
-72,"3,5"
-65,"3,5"
-62,"3,5"
-64,"3,5"
-66,"3,5"
-64,"3,5"
-64,"3,5"
-62,"3,5"
-65,"3,5"
-70,"3,5"
-63,"3,5"
-62,"3,5"
-68,"3,5"
-66,"3,5"
-69,"3,5"
-65,"3,5"
-66,"3,5"
-68,"3,5"
-65,"3,5"
-59,"3,5"
-64,"3,5"
-63,"3,5"
-65,"3,5"
-64,"3,5"
-62,"3,5"
-63,"3,5"
-63,"3,5"
-63,"3,5"
-61,"3,5"
-64,"3,5"
-63,"3,5"
-63,"3,5"
-63,"3,5"
-66,"3,5"
-68,"3,5"
-65,"3,5"
-68,"3,5"
-70,"3,5"
-59,"3,5"
-66,"3,5"
-70,"3,5"
-64,"3,5"
-61,"3,5"
-70,"3,5"
-62,"3,5"
-70,"3,5"
-60,"3,5"
-67,"3,5"
-61,"3,5"
-64,"3,5"
-63,"3,5"
-62,"3,5"
-62,"3,5"
-63,"3,5"
-59,"3,5"
-64,"3,5"
-66,"3,5"
-69,"3,5"
-61,"3,5"
-69,"3,5"
-61,"3,5"
-60,"3,5"
-63,"3,5"
-62,"3,5"
-67,"3,5"
-62,"3,5"
-70,"3,5"
-61,"3,5"
-65,"3,5"
-65,"3,5"
-61,"3,5"
-60,"3,5"
-63,"3,5"
-59,"3,5"
-69,"3,5"
-64,"3,5"
-60,"3,5"
-69,"3,5"
-66,"3,5"
-63,"3,5"
-68,"3,5"
-66,"3,5"
-64,"3,5"
-67,"3,5"
-67,"3,5"
-68,"3,5"
-61,"3,5"
-61,"3,5"
-66,"3,5"
-65,"3,5"
-67,"3,5"
-68,"3,5"
-62,"3,5"
-62,"3,5"
-64,"3,5"
-62,"3,5"
-63,"3,5"
-62,"3,5"
-63,"3,5"
-66,"3,5"
-70,"3,5"
-68,"3,5"
-64,"3,5"
-62,"3,5"
-66,"3,5"
-63,"3,5"
-60,"3,5"
-64,"3,5"
-63,"3,5"
-64,"3,5"
-64,"3,5"
-64,"3,5"
-66,"3,5"
-60,"3,5"
-61,"3,5"
-63,"3,5"
-70,"3,5"
-61,"3,5"
-67,"3,5"
-76,"3,5"
-61,"3,5"
-60,"3,5"
-77,"3,5"
-64,"3,5"
-59,"3,5"
-63,"3,5"
-62,"3,5"
-63,"3,5"
-61,"3,5"
-70,"3,5"
-61,"3,5"
-62,"3,5"
-59,"3,5"
-60,"3,5"
-60,"3,5"
-62,"3,5"
-61,"3,5"
-62,"3,5"
-62,"3,5"
-62,"3,5"
-60,"3,5"
-64,"3,5"
-57,"3,5"
-60,"3,5"
-61,"3,5"
-60,"3,5"
-60,"3,5"
-58,"3,5"
-63,"3,5"
-59,"3,5"
-58,"3,5"
-59,"3,5"
-59,"3,5"
-65,"3,5"
-65,"3,5"
-60,"3,5"
-59,"3,5"
-63,"3,5"
-63,"3,5"
-60,"3,5"
-60,"3,5"
-61,"3,5"
-60,"3,5"
-58,"3,5"
-59,"3,5"
-58,"3,5"
-70,"3,5"
-69,"3,5"
-59,"3,5"
-57,"3,5"
-62,"3,5"
-60,"3,5"
-61,"3,5"
-64,"3,5"
-65,"3,5"
-64,"3,5"
-60,"3,5"
-59,"3,5"
-60,"3,5"
-60,"3,5"
-58,"3,5"
-61,"3,5"
-60,"3,5"
-60,"3,5"
-60,"3,5"
-58,"3,5"
-63,"3,5"
-60,"3,5"
-58,"3,5"
-60,"3,5"
-57,"3,5"
-61,"3,5"
-69,"3,5"
-61,"3,5"
-64,"3,5"
-58,"3,5"
-61,"3,5"
-57,"3,5"
-57,"3,5"
-62,"3,5"
-63,"3,5"
-62,"3,5"
-58,"3,5"
-63,"3,5"
-58,"3,5"
-58,"3,5"
-62,"3,5"
-64,"3,5"
-65,"3,5"
-63,"3,5"
-59,"3,5"
-58,"3,5"
-58,"3,5"
-58,"3,5"
-66,"3,5"
-62,"3,5"
-62,"3,5"
-57,"3,5"
-57,"3,5"
-59,"3,5"
-58,"3,5"
-61,"3,5"
-63,"3,5"
-66,"3,5"
-66,"3,5"
-57,"3,5"
-59,"3,5"
-59,"3,5"
-55,"3,5"
-89,"3,5"
-62,"3,5"
-59,"3,5"
-58,"3,5"
-68,"3,5"
-60,"3,5"
-61,"3,5"
-60,"3,5"
-62,"3,5"
-59,"3,5"
-59,"3,5"
-60,"3,5"
-76,"3,5"
-58,"3,5"
-59,"3,5"
-57,"3,5"
-59,"3,5"
-56,"3,5"
-57,"3,5"
-59,"3,5"
-55,"3,5"
-53,"3,5"
-56,"3,5"
-54,"3,5"
-58,"3,5"
-57,"3,5"
-72,"3,5"
-55,"3,5"
-54,"3,5"
-70,"3,5"
-65,"3,5"
-60,"3,5"
-55,"3,5"
-65,"3,5"
-63,"3,5"
-58,"3,5"
-58,"3,5"
-58,"3,5"
-57,"3,5"
-61,"3,5"
-57,"3,5"
-57,"3,5"
-55,"3,5"
-60,"3,5"
-60,"3,5"
-58,"3,5"
-56,"3,5"
-60,"3,5"
-64,"3,5"
-55,"3,5"
-56,"3,5"
-64,"3,5"
-57,"3,5"
-57,"3,5"
-62,"3,5"
-57,"3,5"
-58,"3,5"
-56,"3,5"
-62,"3,5"
-56,"3,5"
-58,"3,5"
-59,"3,5"
-62,"3,5"
-55,"3,5"
-55,"3,5"
-55,"3,5"
-54,"3,5"
-55,"3,5"
-59,"3,5"
-57,"3,5"
-58,"3,5"
-55,"3,5"
-64,"3,5"
-61,"3,5"
-57,"3,5"
-57,"3,5"
-63,"3,5"
-58,"3,5"
-59,"3,5"
-61,"3,5"
-55,"3,5"
-58,"3,5"
-54,"3,5"
-58,"3,5"
-54,"3,5"
-54,"3,5"
-62,"3,5"
-54,"3,5"
-54,"3,5"
-63,"3,5"
-58,"3,5"
-62,"3,5"
-53,"3,5"
-54,"3,5"
-55,"3,5"
-59,"3,5"
-60,"3,5"
-54,"3,5"
-54,"3,5"
-60,"3,5"
-60,"3,5"
-59,"3,5"
-58,"3,5"
-59,"3,5"
-54,"3,5"
-54,"3,5"
-54,"3,5"
-58,"3,5"
-58,"3,5"
-58,"3,5"
-62,"3,5"
-57,"3,5"
-57,"3,5"
-72,"3,5"
-56,"3,5"
-64,"3,5"
-56,"3,5"
-56,"3,5"
-56,"3,5"
-66,"3,5"
-68,"3,5"
-67,"3,5"
-66,"3,5"
-57,"3,5"
-56,"3,5"
-63,"3,5"
-57,"3,5"
-56,"3,5"
-55,"3,5"
-57,"3,5"
-59,"3,5"
-55,"3,5"
-55,"3,5"
-56,"3,5"
-58,"3,5"
-55,"3,5"
-60,"3,5"
-54,"3,5"
-60,"3,5"
-60,"3,5"
-62,"3,5"
-54,"3,5"
-54,"3,5"
-52,"3,5"
-57,"3,5"
-57,"3,5"
-61,"3,5"
-59,"3,5"
-59,"3,5"
-60,"3,5"
-61,"3,5"
-57,"3,5"
-57,"3,5"
-58,"3,5"
-57,"3,5"
-61,"3,5"
-59,"3,5"
-59,"3,5"
-61,"3,5"
-59,"3,5"
-61,"3,5"
-57,"3,5"
-60,"3,5"
-62,"3,5"
-61,"3,5"
-61,"3,5"
-61,"3,5"
-58,"3,5"
-58,"3,5"
-62,"3,5"
-65,"3,5"
-59,"3,5"
-59,"3,5"
-61,"3,5"
-62,"3,5"
-59,"3,5"
-58,"3,5"
-58,"3,5"
-66,"3,5"
-58,"3,5"
-59,"3,5"
-59,"3,5"
-59,"3,5"
-57,"3,5"
-58,"3,5"
-56,"3,5"
-57,"3,5"
-59,"3,5"
-61,"3,5"
-57,"3,5"
-62,"3,5"
-58,"3,5"
-59,"3,5"
-57,"3,5"
-57,"3,5"
-58,"3,5"
-58,"3,5"
-58,"3,5"
-59,"3,5"
-61,"3,5"
-62,"3,5"
-62,"3,5"
-62,"3,5"
-57,"3,5"
-62,"3,5"
-59,"3,5"
-58,"3,5"
-61,"3,5"
-62,"3,5"
-59,"3,5"
-61,"3,5"
-61,"3,5"
-59,"3,5"
-59,"3,5"
-58,"3,5"
-69,"3,5"
-58,"3,5"
-61,"3,5"
-62,"3,5"
-62,"3,5"
-58,"3,5"
-57,"3,5"
-57,"3,5"
-62,"3,5"
-63,"3,5"
-57,"3,5"
-61,"3,5"
-62,"3,5"
-58,"3,5"
-57,"3,5"
-58,"3,5"
-61,"3,5"
-62,"3,5"
-58,"3,5"
-60,"3,5"
-57,"3,5"
-58,"3,5"
-62,"3,5"
-59,"3,5"
-58,"3,5"
-58,"3,5"
-65,"3,5"
-59,"3,5"
-62,"3,5"
-58,"3,5"
-57,"3,5"
-62,"3,5"
-62,"3,5"
-59,"3,5"
-61,"3,5"
-57,"3,5"
-57,"3,5"
-69,"3,5"
-58,"3,5"
-58,"3,5"
-62,"3,5"
-57,"3,5"
-69,"3,5"
-58,"3,5"
-56,"3,5"
-59,"3,5"
-56,"3,5"
-62,"3,5"
-57,"3,5"
-62,"3,5"
-62,"3,5"
-59,"3,5"
-58,"3,5"
-62,"3,5"
-61,"3,5"
-62,"3,5"
-61,"3,5"
-64,"3,5"
-57,"3,5"
-61,"3,5"
-61,"3,5"
-57,"3,5"
-58,"3,5"
-56,"3,5"
-58,"3,5"
-58,"3,5"
-58,"3,5"
-58,"3,5"
-61,"3,5"
-62,"3,5"
-61,"3,5"
-58,"3,5"
-58,"3,5"
-58,"3,5"
-58,"3,5"
-58,"3,5"
-57,"3,5"
-62,"3,5"
-57,"3,5"
-62,"3,5"
-63,"3,5"
-60,"3,5"
-57,"3,5"
-62,"3,5"
-57,"3,5"
-58,"3,5"
-57,"3,5"
-61,"3,5"
-56,"3,5"
-58,"3,5"
-57,"3,5"
-61,"3,5"
-57,"3,5"
-57,"3,5"
-56,"3,5"
-59,"3,5"
-61,"3,5"
-57,"3,5"
-58,"3,5"
-56,"3,5"
-59,"3,5"
-57,"3,5"
-59,"3,5"
-58,"3,5"
-57,"3,5"
-57,"3,5"
-61,"3,5"
-61,"3,5"
-57,"3,5"
-58,"3,5"
-57,"3,5"
-61,"3,5"
-58,"3,5"
-58,"3,5"
-61,"3,5"
-61,"3,5"
-59,"3,5"
-59,"3,5"
-56,"3,5"
-60,"3,5"
-61,"3,5"
-57,"3,5"
-57,"3,5"
-60,"3,5"
-57,"3,5"
-58,"3,5"
-57,"3,5"
-57,"3,5"
-56,"3,5"
-57,"3,5"
-61,"3,5"
-58,"3,5"
-56,"3,5"
-57,"3,5"
-59,"3,5"
-59,"3,5"
-63,"3,5"
-59,"3,5"
-63,"3,5"
-58,"3,5"
-68,"3,5"
-64,"3,5"
-60,"3,5"
-57,"3,5"
-62,"3,5"
-64,"3,5"
-57,"3,5"
-59,"3,5"
-59,"3,5"
-59,"3,5"
-59,"3,5"
-57,"3,5"
-64,"3,5"
-57,"3,5"
-57,"3,5"
-57,"3,5"
-57,"3,5"
-57,"3,5"
-60,"3,5"
-63,"3,5"
-57,"3,5"
-64,"3,5"
-57,"3,5"
-64,"3,5"
-59,"3,5"
-60,"3,5"
-57,"3,5"
-64,"3,5"
-64,"3,5"
-57,"3,5"
-57,"3,5"
-64,"3,5"
-57,"3,5"
-64,"3,5"
-64,"3,5"
-57,"3,5"
-64,"3,5"
-60,"3,5"
-65,"3,5"
-62,"3,5"
-57,"3,5"
-57,"3,5"
-60,"3,5"
-64,"3,5"
-64,"3,5"
-59,"3,5"
-60,"3,5"
-57,"3,5"
-57,"3,5"
-57,"3,5"
-63,"3,5"
-63,"3,5"
-59,"3,5"
-57,"3,5"
-57,"3,5"
-57,"3,5"
-57,"3,5"
-59,"3,5"
-57,"3,5"
-59,"3,5"
-62,"3,5"
-58,"3,5"
-58,"3,5"
-63,"3,5"
-57,"3,5"
-56,"3,5"
-56,"3,5"
-57,"3,5"
-60,"3,5"
-55,"3,5"
-64,"3,5"
-59,"3,5"
-64,"3,5"
-60,"3,5"
-60,"3,5"
-59,"3,5"
-57,"3,5"
-64,"3,5"
-60,"3,5"
-58,"3,5"
-64,"3,5"
-63,"3,5"
-60,"3,5"
-57,"3,5"
-63,"3,5"
-59,"3,5"
-64,"3,5"
-63,"3,5"
-60,"3,5"
-59,"3,5"
-64,"3,5"
-64,"3,5"
-59,"3,5"
-59,"3,5"
-57,"3,5"
-59,"3,5"
-59,"3,5"
-57,"3,5"
-65,"3,5"
-59,"3,5"
-58,"3,5"
-57,"3,5"
-59,"3,5"
-59,"3,5"
-66,"3,5"
-56,"3,5"
-57,"3,5"
-59,"3,5"
-59,"3,5"
-63,"3,5"
-59,"3,5"
-63,"3,5"
-58,"3,5"
-68,"3,5"
-64,"3,5"
-60,"3,5"
-57,"3,5"
-62,"3,5"
-64,"3,5"
-57,"3,5"
-59,"3,5"
-59,"3,5"
-59,"3,5"
-59,"3,5"
-57,"3,5"
-64,"3,5"
-57,"3,5"
-57,"3,5"
-57,"3,5"
-57,"3,5"
-57,"3,5"
-60,"3,5"
-63,"3,5"
-57,"3,5"
-64,"3,5"
-57,"3,5"
-64,"3,5"
-59,"3,5"
-60,"3,5"
-57,"3,5"
-64,"3,5"
-64,"3,5"
-57,"3,5"
-57,"3,5"
-64,"3,5"
-57,"3,5"
-64,"3,5"
-64,"3,5"
-57,"3,5"
-64,"3,5"
-60,"3,5"
-65,"3,5"
-62,"3,5"
-57,"3,5"
-57,"3,5"
-60,"3,5"
-53,4
-49,4
-49,4
-50,4
-50,4
-50,4
-54,4
-54,4
-54,4
-54,4
-50,4
-54,4
-53,4
-50,4
-49,4
-49,4
-50,4
-54,4
-55,4
-49,4
-54,4
-54,4
-55,4
-55,4
-54,4
-54,4
-50,4
-55,4
-54,4
-50,4
-53,4
-54,4
-54,4
-52,4
-53,4
-50,4
-54,4
-49,4
-50,4
-53,4
-54,4
-54,4
-53,4
-54,4
-53,4
-55,4
-50,4
-55,4
-53,4
-54,4
-50,4
-54,4
-54,4
-50,4
-53,4
-54,4
-50,4
-54,4
-53,4
-49,4
-54,4
-53,4
-54,4
-53,4
-54,4
-54,4
-54,4
-49,4
-54,4
-54,4
-49,4
-54,4
-54,4
-54,4
-54,4
-50,4
-50,4
-55,4
-54,4
-49,4
-50,4
-54,4
-55,4
-53,4
-49,4
-54,4
-50,4
-53,4
-53,4
-50,4
-54,4
-54,4
-53,4
-50,4
-53,4
-54,4
-49,4
-53,4
-54,4
-53,4
-49,4
-50,4
-50,4
-54,4
-54,4
-54,4
-50,4
-50,4
-49,4
-54,4
-50,4
-50,4
-54,4
-54,4
-54,4
-54,4
-54,4
-54,4
-50,4
-54,4
-54,4
-49,4
-53,4
-55,4
-54,4
-53,4
-54,4
-55,4
-49,4
-54,4
-53,4
-54,4
-53,4
-53,4
-54,4
-54,4
-54,4
-54,4
-54,4
-54,4
-54,4
-50,4
-50,4
-53,4
-50,4
-54,4
-53,4
-50,4
-49,4
-53,4
-55,4
-52,4
-54,4
-54,4
-53,4
-57,4
-52,4
-50,4
-54,4
-55,4
-54,4
-54,4
-54,4
-54,4
-50,4
-53,4
-52,4
-53,4
-50,4
-49,4
-54,4
-53,4
-54,4
-54,4
-54,4
-49,4
-54,4
-53,4
-54,4
-53,4
-54,4
-54,4
-50,4
-54,4
-54,4
-54,4
-50,4
-53,4
-54,4
-54,4
-50,4
-53,4
-54,4
-49,4
-53,4
-54,4
-50,4
-54,4
-50,4
-49,4
-54,4
-53,4
-49,4
-54,4
-50,4
-53,4
-50,4
-54,4
-54,4
-50,4
-49,4
-53,4
-50,4
-54,4
-54,4
-54,4
-54,4
-53,4
-50,4
-53,4
-54,4
-50,4
-54,4
-54,4
-50,4
-54,4
-54,4
-49,4
-49,4
-49,4
-49,4
-53,4
-53,4
-53,4
-54,4
-50,4
-54,4
-53,4
-50,4
-54,4
-49,4
-50,4
-53,4
-54,4
-50,4
-50,4
-54,4
-54,4
-50,4
-54,4
-50,4
-54,4
-50,4
-54,4
-49,4
-54,4
-50,4
-54,4
-53,4
-49,4
-54,4
-54,4
-50,4
-55,4
-54,4
-55,4
-49,4
-54,4
-50,4
-56,4
-50,4
-49,4
-49,4
-50,4
-50,4
-53,4
-50,4
-49,4
-50,4
-54,4
-53,4
-54,4
-55,4
-49,4
-52,4
-54,4
-62,4
-66,4
-61,4
-64,4
-62,4
-63,4
-61,4
-58,4
-62,4
-57,4
-56,4
-59,4
-62,4
-56,4
-64,4
-64,4
-64,4
-59,4
-63,4
-58,4
-59,4
-58,4
-69,4
-57,4
-62,4
-57,4
-58,4
-63,4
-56,4
-58,4
-58,4
-60,4
-59,4
-72,4
-59,4
-60,4
-71,4
-55,4
-57,4
-64,4
-59,4
-72,4
-56,4
-56,4
-67,4
-57,4
-67,4
-59,4
-56,4
-58,4
-60,4
-60,4
-58,4
-58,4
-58,4
-58,4
-62,4
-57,4
-57,4
-57,4
-64,4
-57,4
-57,4
-64,4
-56,4
-56,4
-64,4
-60,4
-65,4
-57,4
-64,4
-58,4
-70,4
-56,4
-55,4
-56,4
-56,4
-59,4
-63,4
-59,4
-59,4
-58,4
-57,4
-65,4
-66,4
-66,4
-64,4
-58,4
-65,4
-58,4
-57,4
-57,4
-64,4
-56,4
-57,4
-56,4
-56,4
-57,4
-60,4
-68,4
-58,4
-57,4
-62,4
-62,4
-56,4
-62,4
-62,4
-62,4
-56,4
-56,4
-54,4
-55,4
-55,4
-55,4
-63,4
-65,4
-54,4
-54,4
-55,4
-63,4
-55,4
-64,4
-63,4
-54,4
-55,4
-56,4
-55,4
-54,4
-55,4
-54,4
-63,4
-55,4
-55,4
-55,4
-55,4
-62,4
-56,4
-62,4
-55,4
-62,4
-62,4
-62,4
-55,4
-57,4
-56,4
-57,4
-61,4
-62,4
-55,4
-62,4
-62,4
-56,4
-55,4
-56,4
-55,4
-63,4
-55,4
-56,4
-63,4
-61,4
-61,4
-61,4
-55,4
-62,4
-64,4
-63,4
-55,4
-55,4
-56,4
-64,4
-57,4
-56,4
-62,4
-65,4
-65,4
-55,4
-71,4
-55,4
-55,4
-55,4
-60,4
-54,4
-61,4
-55,4
-54,4
-62,4
-55,4
-55,4
-55,4
-54,4
-63,4
-63,4
-55,4
-55,4
-55,4
-63,4
-56,4
-61,4
-64,4
-55,4
-62,4
-56,4
-55,4
-54,4
-56,4
-55,4
-62,4
-63,4
-62,4
-61,4
-56,4
-54,4
-55,4
-62,4
-56,4
-62,4
-57,4
-52,4
-54,4
-57,4
-56,4
-61,4
-61,4
-56,4
-57,4
-59,4
-61,4
-61,4
-56,4
-54,4
-54,4
-57,4
-61,4
-55,4
-55,4
-54,4
-54,4
-55,4
-55,4
-61,4
-57,4
-55,4
-55,4
-62,4
-55,4
-62,4
-54,4
-61,4
-58,4
-58,4
-60,4
-57,4
-55,4
-55,4
-54,4
-56,4
-60,4
-60,4
-56,4
-56,4
-56,4
-55,4
-62,4
-62,4
-56,4
-60,4
-55,4
-62,4
-55,4
-54,4
-55,4
-55,4
-55,4
-55,4
-55,4
-54,4
-59,4
-54,4
-59,4
-54,4
-55,4
-56,4
-61,4
-54,4
-59,4
-55,4
-55,4
-56,4
-54,4
-56,4
-56,4
-59,4
-61,4
-55,4
-60,4
-59,4
-60,4
-59,4
-60,4
-55,4
-56,4
-55,4
-55,4
-56,4
-55,4
-55,4
-56,4
-55,4
-60,4
-56,4
-55,4
-55,4
-63,4
-55,4
-56,4
-54,4
-56,4
-56,4
-55,4
-55,4
-55,4
-54,4
-56,4
-55,4
-54,4
-56,4
-55,4
-56,4
-56,4
-56,4
-63,4
-56,4
-54,4
-56,4
-62,4
-62,4
-55,4
-62,4
-62,4
-57,4
-55,4
-54,4
-55,4
-55,4
-54,4
-56,4
-57,4
-61,4
-57,4
-55,4
-65,4
-55,4
-61,4
-55,4
-54,4
-55,4
-56,4
-55,4
-62,4
-54,4
-54,4
-54,4
-62,4
-55,4
-54,4
-62,4
-61,4
-61,4
-61,4
-54,4
-56,4
-56,4
-57,4
-55,4
-56,4
-62,4
-62,4
-56,4
-54,4
-57,4
-62,4
-57,4
-53,4
-60,4
-56,4
-60,4
-54,4
-60,4
-57,4
-62,4
-56,4
-62,4
-62,4
-62,4
-54,4
-58,4
-54,4
-61,4
-56,4
-56,4
-54,4
-57,4
-55,4
-60,4
-61,4
-61,4
-56,4
-60,4
-60,4
-56,4
-60,4
-54,4
-55,4
-54,4
-60,4
-56,4
-56,4
-56,4
-56,4
-53,4
-61,4
-60,4
-61,4
-60,4
-56,4
-60,4
-60,4
-56,4
-56,4
-61,4
-59,4
-60,4
-55,4
-59,4
-59,4
-57,4
-61,4
-53,4
-54,4
-60,4
-53,4
-56,4
-67,4
-56,4
-53,4
-55,4
-53,4
-54,4
-59,4
-55,4
-54,4
-54,4
-55,4
-61,4
-61,4
-56,4
-54,4
-53,4
-53,4
-61,4
-53,4
-56,4
-60,4
-54,4
-61,4
-61,4
-57,4
-54,4
-60,4
-53,4
-60,4
-56,4
-54,4
-54,4
-60,4
-57,4
-56,4
-54,4
-54,4
-61,4
-57,4
-62,4
-56,4
-55,4
-62,4
-62,4
-56,4
-55,4
-63,4
-56,4
-54,4
-56,4
-61,4
-56,4
-57,4
-58,4
-55,4
-65,4
-57,4
-64,4
-63,4
-57,4
-57,4
-64,4
-65,4
-56,4
-57,4
-64,4
-55,4
-56,4
-56,4
-57,4
-64,4
-65,4
-57,4
-64,4
-57,4
-64,4
-56,4
-57,4
-64,4
-57,4
-56,4
-57,4
-57,4
-56,4
-57,4
-58,4
-57,4
-63,4
-55,4
-57,4
-56,4
-62,4
-62,4
-56,4
-56,4
-56,4
-56,4
-64,4
-56,4
-63,4
-56,4
-55,4
-56,4
-58,4
-63,4
-62,4
-57,4
-57,4
-57,4
-67,4
-55,4
-56,4
-56,4
-64,4
-55,4
-64,4
-56,4
-56,4
-56,4
-56,4
-56,4
-64,4
-66,4
-64,4
-57,4
-67,4
-56,4
-58,4
-57,4
-66,4
-67,4
-66,4
-58,4
-68,4
-67,4
-67,4
-57,4
-58,4
-57,4
-57,4
-58,4
-56,4
-55,4
-57,4
-57,4
-68,4
-70,4
-57,4
-58,4
-65,4
-72,4
-70,4
-57,4
-70,4
-57,4
-57,4
-57,4
-56,4
-57,4
-70,4
-71,4
-57,4
-57,4
-72,4
-57,4
-57,4
-57,4
-57,4
-57,4
-56,4
-57,4
-71,4
-71,4
-70,4
-70,4
-71,4
-57,4
-57,4
-57,4
-57,4
-70,4
-70,4
-57,4
-57,4
-58,4
-57,4
-57,4
-57,4
-71,4
-71,4
-57,4
-57,4
-70,4
-57,4
-58,4
-57,4
-57,4
-57,4
-57,4
-70,4
-57,4
-57,4
-70,4
-57,4
-57,4
-71,4
-72,4
-72,4
-57,4
-57,4
-58,4
-71,4
-58,4
-70,4
-57,4
-80,4
-70,4
-57,4
-57,4
-57,4
-57,4
-57,4
-57,4
-71,4
-57,4
-57,4
-57,4
-57,4
-57,4
-57,4
-57,4
-70,4
-57,4
-57,4
-57,4
-57,4
-57,4
-56,4
-58,4
-57,4
-57,4
-71,4
-71,4
-57,4
-57,4
-57,4
-57,4
-71,4
-57,4
-57,4
-57,4
-70,4
-70,4
-57,4
-57,4
-71,4
-70,4
-57,4
-57,4
-71,4
-57,4
-57,4
-57,4
-70,4
-58,4
-71,4
-57,4
-58,4
-57,4
-70,4
-57,4
-72,4
-58,"4,5"
-57,"4,5"
-56,"4,5"
-72,"4,5"
-70,"4,5"
-58,"4,5"
-59,"4,5"
-72,"4,5"
-68,"4,5"
-58,"4,5"
-58,"4,5"
-58,"4,5"
-76,"4,5"
-70,"4,5"
-70,"4,5"
-69,"4,5"
-57,"4,5"
-70,"4,5"
-58,"4,5"
-79,"4,5"
-58,"4,5"
-58,"4,5"
-71,"4,5"
-58,"4,5"
-59,"4,5"
-65,"4,5"
-58,"4,5"
-72,"4,5"
-80,"4,5"
-58,"4,5"
-57,"4,5"
-57,"4,5"
-71,"4,5"
-57,"4,5"
-57,"4,5"
-58,"4,5"
-80,"4,5"
-58,"4,5"
-58,"4,5"
-57,"4,5"
-60,"4,5"
-80,"4,5"
-80,"4,5"
-71,"4,5"
-59,"4,5"
-58,"4,5"
-72,"4,5"
-71,"4,5"
-70,"4,5"
-70,"4,5"
-70,"4,5"
-77,"4,5"
-57,"4,5"
-78,"4,5"
-71,"4,5"
-58,"4,5"
-57,"4,5"
-57,"4,5"
-79,"4,5"
-70,"4,5"
-71,"4,5"
-57,"4,5"
-78,"4,5"
-71,"4,5"
-81,"4,5"
-81,"4,5"
-80,"4,5"
-78,"4,5"
-78,"4,5"
-57,"4,5"
-71,"4,5"
-58,"4,5"
-79,"4,5"
-70,"4,5"
-71,"4,5"
-57,"4,5"
-71,"4,5"
-80,"4,5"
-72,"4,5"
-71,"4,5"
-71,"4,5"
-71,"4,5"
-70,"4,5"
-57,"4,5"
-72,"4,5"
-57,"4,5"
-72,"4,5"
-58,"4,5"
-79,"4,5"
-58,"4,5"
-72,"4,5"
-58,"4,5"
-56,"4,5"
-57,"4,5"
-80,"4,5"
-57,"4,5"
-73,"4,5"
-73,"4,5"
-72,"4,5"
-72,"4,5"
-70,"4,5"
-71,"4,5"
-57,"4,5"
-72,"4,5"
-72,"4,5"
-57,"4,5"
-78,"4,5"
-78,"4,5"
-78,"4,5"
-57,"4,5"
-71,"4,5"
-79,"4,5"
-77,"4,5"
-79,"4,5"
-78,"4,5"
-77,"4,5"
-71,"4,5"
-57,"4,5"
-71,"4,5"
-78,"4,5"
-72,"4,5"
-77,"4,5"
-77,"4,5"
-70,"4,5"
-58,"4,5"
-76,"4,5"
-78,"4,5"
-77,"4,5"
-72,"4,5"
-78,"4,5"
-58,"4,5"
-58,"4,5"
-58,"4,5"
-77,"4,5"
-76,"4,5"
-76,"4,5"
-77,"4,5"
-71,"4,5"
-57,"4,5"
-78,"4,5"
-72,"4,5"
-77,"4,5"
-57,"4,5"
-71,"4,5"
-77,"4,5"
-76,"4,5"
-70,"4,5"
-57,"4,5"
-56,"4,5"
-76,"4,5"
-72,"4,5"
-71,"4,5"
-71,"4,5"
-57,"4,5"
-57,"4,5"
-58,"4,5"
-72,"4,5"
-72,"4,5"
-70,"4,5"
-72,"4,5"
-76,"4,5"
-58,"4,5"
-57,"4,5"
-57,"4,5"
-72,"4,5"
-57,"4,5"
-70,"4,5"
-57,"4,5"
-70,"4,5"
-77,"4,5"
-71,"4,5"
-58,"4,5"
-57,"4,5"
-74,"4,5"
-76,"4,5"
-78,"4,5"
-72,"4,5"
-78,"4,5"
-71,"4,5"
-58,"4,5"
-72,"4,5"
-71,"4,5"
-76,"4,5"
-70,"4,5"
-58,"4,5"
-56,"4,5"
-72,"4,5"
-70,"4,5"
-72,"4,5"
-74,"4,5"
-58,"4,5"
-57,"4,5"
-57,"4,5"
-57,"4,5"
-57,"4,5"
-58,"4,5"
-77,"4,5"
-57,"4,5"
-72,"4,5"
-56,"4,5"
-72,"4,5"
-72,"4,5"
-57,"4,5"
-76,"4,5"
-57,"4,5"
-73,"4,5"
-57,"4,5"
-77,"4,5"
-58,"4,5"
-57,"4,5"
-57,"4,5"
-58,"4,5"
-74,"4,5"
-57,"4,5"
-76,"4,5"
-76,"4,5"
-76,"4,5"
-77,"4,5"
-57,"4,5"
-58,"4,5"
-57,"4,5"
-72,"4,5"
-57,"4,5"
-56,"4,5"
-57,"4,5"
-72,"4,5"
-72,"4,5"
-72,"4,5"
-77,"4,5"
-57,"4,5"
-57,"4,5"
-56,"4,5"
-72,"4,5"
-56,"4,5"
-72,"4,5"
-76,"4,5"
-57,"4,5"
-57,"4,5"
-77,"4,5"
-71,"4,5"
-72,"4,5"
-57,"4,5"
-57,"4,5"
-57,"4,5"
-72,"4,5"
-77,"4,5"
-57,"4,5"
-80,"4,5"
-57,"4,5"
-76,"4,5"
-56,"4,5"
-72,"4,5"
-71,"4,5"
-76,"4,5"
-76,"4,5"
-72,"4,5"
-56,"4,5"
-58,"4,5"
-75,"4,5"
-76,"4,5"
-56,"4,5"
-57,"4,5"
-76,"4,5"
-75,"4,5"
-75,"4,5"
-76,"4,5"
-76,"4,5"
-75,"4,5"
-72,"4,5"
-72,"4,5"
-76,"4,5"
-72,"4,5"
-76,"4,5"
-56,"4,5"
-72,"4,5"
-75,"4,5"
-72,"4,5"
-76,"4,5"
-77,"4,5"
-57,"4,5"
-76,"4,5"
-72,"4,5"
-74,"4,5"
-76,"4,5"
-70,"4,5"
-57,"4,5"
-72,"4,5"
-75,"4,5"
-58,"4,5"
-76,"4,5"
-72,"4,5"
-75,"4,5"
-72,"4,5"
-76,"4,5"
-71,"4,5"
-76,"4,5"
-57,"4,5"
-58,"4,5"
-76,"4,5"
-75,"4,5"
-56,"4,5"
-57,"4,5"
-76,"4,5"
-57,"4,5"
-57,"4,5"
-57,"4,5"
-72,"4,5"
-71,"4,5"
-77,"4,5"
-76,"4,5"
-70,"4,5"
-72,"4,5"
-74,"4,5"
-71,"4,5"
-71,"4,5"
-71,"4,5"
-70,"4,5"
-56,"4,5"
-56,"4,5"
-75,"4,5"
-72,"4,5"
-70,"4,5"
-69,"4,5"
-56,"4,5"
-63,"4,5"
-70,"4,5"
-72,"4,5"
-72,"4,5"
-72,"4,5"
-57,"4,5"
-72,"4,5"
-57,"4,5"
-71,"4,5"
-75,"4,5"
-73,"4,5"
-72,"4,5"
-75,"4,5"
-76,"4,5"
-57,"4,5"
-57,"4,5"
-56,"4,5"
-57,"4,5"
-57,"4,5"
-76,"4,5"
-57,"4,5"
-75,"4,5"
-56,"4,5"
-76,"4,5"
-57,"4,5"
-76,"4,5"
-57,"4,5"
-59,"4,5"
-56,"4,5"
-75,"4,5"
-76,"4,5"
-76,"4,5"
-71,"4,5"
-58,"4,5"
-72,"4,5"
-75,"4,5"
-71,"4,5"
-56,"4,5"
-76,"4,5"
-76,"4,5"
-76,"4,5"
-57,"4,5"
-76,"4,5"
-76,"4,5"
-77,"4,5"
-70,"4,5"
-57,"4,5"
-71,"4,5"
-57,"4,5"
-76,"4,5"
-70,"4,5"
-76,"4,5"
-57,"4,5"
-71,"4,5"
-77,"4,5"
-57,"4,5"
-75,"4,5"
-72,"4,5"
-72,"4,5"
-71,"4,5"
-71,"4,5"
-76,"4,5"
-76,"4,5"
-57,"4,5"
-57,"4,5"
-75,"4,5"
-71,"4,5"
-56,"4,5"
-56,"4,5"
-71,"4,5"
-70,"4,5"
-71,"4,5"
-57,"4,5"
-75,"4,5"
-71,"4,5"
-75,"4,5"
-74,"4,5"
-75,"4,5"
-75,"4,5"
-74,"4,5"
-57,"4,5"
-58,"4,5"
-71,"4,5"
-56,"4,5"
-70,"4,5"
-75,"4,5"
-71,"4,5"
-57,"4,5"
-69,"4,5"
-76,"4,5"
-68,"4,5"
-57,"4,5"
-67,"4,5"
-57,"4,5"
-69,"4,5"
-70,"4,5"
-73,"4,5"
-57,"4,5"
-70,"4,5"
-73,"4,5"
-72,"4,5"
-73,"4,5"
-72,"4,5"
-73,"4,5"
-70,"4,5"
-58,"4,5"
-68,"4,5"
-55,"4,5"
-56,"4,5"
-78,"4,5"
-68,"4,5"
-56,"4,5"
-68,"4,5"
-56,"4,5"
-80,"4,5"
-54,"4,5"
-72,"4,5"
-66,"4,5"
-75,"4,5"
-66,"4,5"
-56,"4,5"
-66,"4,5"
-66,"4,5"
-66,"4,5"
-73,"4,5"
-74,"4,5"
-56,"4,5"
-56,"4,5"
-74,"4,5"
-55,"4,5"
-68,"4,5"
-76,"4,5"
-76,"4,5"
-79,"4,5"
-57,"4,5"
-55,"4,5"
-68,"4,5"
-68,"4,5"
-68,"4,5"
-76,"4,5"
-76,"4,5"
-68,"4,5"
-75,"4,5"
-67,"4,5"
-70,"4,5"
-68,"4,5"
-74,"4,5"
-68,"4,5"
-75,"4,5"
-56,"4,5"
-68,"4,5"
-75,"4,5"
-68,"4,5"
-76,"4,5"
-68,"4,5"
-68,"4,5"
-75,"4,5"
-67,"4,5"
-56,"4,5"
-68,"4,5"
-56,"4,5"
-74,"4,5"
-56,"4,5"
-75,"4,5"
-69,"4,5"
-76,"4,5"
-69,"4,5"
-66,"4,5"
-82,"4,5"
-56,"4,5"
-55,"4,5"
-56,"4,5"
-66,"4,5"
-66,"4,5"
-77,"4,5"
-77,"4,5"
-66,"4,5"
-66,"4,5"
-66,"4,5"
-66,"4,5"
-79,"4,5"
-79,"4,5"
-56,"4,5"
-65,"4,5"
-68,"4,5"
-68,"4,5"
-68,"4,5"
-80,"4,5"
-56,"4,5"
-68,"4,5"
-69,"4,5"
-75,"4,5"
-67,"4,5"
-67,"4,5"
-78,"4,5"
-67,"4,5"
-66,"4,5"
-68,"4,5"
-81,"4,5"
-79,"4,5"
-68,"4,5"
-81,"4,5"
-80,"4,5"
-56,"4,5"
-55,"4,5"
-55,"4,5"
-79,"4,5"
-56,"4,5"
-77,"4,5"
-68,"4,5"
-57,"4,5"
-56,"4,5"
-80,"4,5"
-56,"4,5"
-56,"4,5"
-56,"4,5"
-56,"4,5"
-77,"4,5"
-64,"4,5"
-69,"4,5"
-72,"4,5"
-81,"4,5"
-56,"4,5"
-63,"4,5"
-64,"4,5"
-67,"4,5"
-56,"4,5"
-55,"4,5"
-56,"4,5"
-68,"4,5"
-66,"4,5"
-65,"4,5"
-76,"4,5"
-72,"4,5"
-55,"4,5"
-55,"4,5"
-68,"4,5"
-77,"4,5"
-56,"4,5"
-70,"4,5"
-57,"4,5"
-56,"4,5"
-57,"4,5"
-68,"4,5"
-65,"4,5"
-56,"4,5"
-56,"4,5"
-68,"4,5"
-55,"4,5"
-66,"4,5"
-65,"4,5"
-55,"4,5"
-68,"4,5"
-69,"4,5"
-66,"4,5"
-55,"4,5"
-76,"4,5"
-63,"4,5"
-78,"4,5"
-56,"4,5"
-80,"4,5"
-69,"4,5"
-70,"4,5"
-72,"4,5"
-66,"4,5"
-55,"4,5"
-55,"4,5"
-56,"4,5"
-74,"4,5"
-67,"4,5"
-67,"4,5"
-78,"4,5"
-77,"4,5"
-55,"4,5"
-68,"4,5"
-74,"4,5"
-69,"4,5"
-68,"4,5"
-76,"4,5"
-55,"4,5"
-66,"4,5"
-56,"4,5"
-56,"4,5"
-56,"4,5"
-67,"4,5"
-71,"4,5"
-67,"4,5"
-56,"4,5"
-70,"4,5"
-67,"4,5"
-72,"4,5"
-56,"4,5"
-55,"4,5"
-55,"4,5"
-56,"4,5"
-67,"4,5"
-69,"4,5"
-64,"4,5"
-72,"4,5"
-56,"4,5"
-75,"4,5"
-71,"4,5"
-68,"4,5"
-69,"4,5"
-55,"4,5"
-65,"4,5"
-71,"4,5"
-72,"4,5"
-71,"4,5"
-71,"4,5"
-71,"4,5"
-70,"4,5"
-68,"4,5"
-72,"4,5"
-70,"4,5"
-74,"4,5"
-67,"4,5"
-68,"4,5"
-66,"4,5"
-56,"4,5"
-67,"4,5"
-73,"4,5"
-55,"4,5"
-66,"4,5"
-73,"4,5"
-66,"4,5"
-67,"4,5"
-56,"4,5"
-67,"4,5"
-56,"4,5"
-70,"4,5"
-66,"4,5"
-67,"4,5"
-72,"4,5"
-66,"4,5"
-72,"4,5"
-67,"4,5"
-68,"4,5"
-67,"4,5"
-72,"4,5"
-66,"4,5"
-67,"4,5"
-72,"4,5"
-67,"4,5"
-55,"4,5"
-66,"4,5"
-55,"4,5"
-68,"4,5"
-56,"4,5"
-66,"4,5"
-55,"4,5"
-66,"4,5"
-70,"4,5"
-66,"4,5"
-67,"4,5"
-67,"4,5"
-72,"4,5"
-55,"4,5"
-69,"4,5"
-73,"4,5"
-54,"4,5"
-66,"4,5"
-71,"4,5"
-68,"4,5"
-56,"4,5"
-72,"4,5"
-72,"4,5"
-67,"4,5"
-55,"4,5"
-56,"4,5"
-70,"4,5"
-66,"4,5"
-71,"4,5"
-56,"4,5"
-55,"4,5"
-68,"4,5"
-56,"4,5"
-55,"4,5"
-72,"4,5"
-56,"4,5"
-56,"4,5"
-55,"4,5"
-66,"4,5"
-57,"4,5"
-57,"4,5"
-57,"4,5"
-70,"4,5"
-57,"4,5"
-70,"4,5"
-57,"4,5"
-66,"4,5"
-66,"4,5"
-67,"4,5"
-56,"4,5"
-66,"4,5"
-70,"4,5"
-67,"4,5"
-57,"4,5"
-69,"4,5"
-57,"4,5"
-57,"4,5"
-57,"4,5"
-70,"4,5"
-70,"4,5"
-70,"4,5"
-56,"4,5"
-57,"4,5"
-70,"4,5"
-57,"4,5"
-66,"4,5"
-57,"4,5"
-70,"4,5"
-67,"4,5"
-67,"4,5"
-67,"4,5"
-67,"4,5"
-57,"4,5"
-70,"4,5"
-66,"4,5"
-57,"4,5"
-66,"4,5"
-69,"4,5"
-57,"4,5"
-57,"4,5"
-70,"4,5"
-56,"4,5"
-69,"4,5"
-69,"4,5"
-66,"4,5"
-69,"4,5"
-57,"4,5"
-70,"4,5"
-66,"4,5"
-57,"4,5"
-56,"4,5"
-66,"4,5"
-66,"4,5"
-66,"4,5"
-66,"4,5"
-69,"4,5"
-66,"4,5"
-67,"4,5"
-66,"4,5"
-66,"4,5"
-66,"4,5"
-69,"4,5"
-69,"4,5"
-70,"4,5"
-69,"4,5"
-59,"4,5"
-57,"4,5"
-57,"4,5"
-66,"4,5"
-70,"4,5"
-56,"4,5"
-56,"4,5"
-69,"4,5"
-66,"4,5"
-69,"4,5"
-58,"4,5"
-69,"4,5"
-56,"4,5"
-66,"4,5"
-56,"4,5"
-69,"4,5"
-69,"4,5"
-67,"4,5"
-57,"4,5"
-57,"4,5"
-66,"4,5"
-66,"4,5"
-65,"4,5"
-57,"4,5"
-69,"4,5"
-57,"4,5"
-66,"4,5"
-57,"4,5"
-66,"4,5"
-57,"4,5"
-57,"4,5"
-69,"4,5"
-66,"4,5"
-66,"4,5"
-66,"4,5"
-56,"4,5"
-66,"4,5"
-57,"4,5"
-57,"4,5"
-69,"4,5"
-57,"4,5"
-69,"4,5"
-57,"4,5"
-57,"4,5"
-57,"4,5"
-69,"4,5"
-71,"4,5"
-66,"4,5"
-58,"4,5"
-71,"4,5"
-65,"4,5"
-66,"4,5"
-56,"4,5"
-69,"4,5"
-66,"4,5"
-66,"4,5"
-69,"4,5"
-69,"4,5"
-57,"4,5"
-56,"4,5"
-66,"4,5"
-69,"4,5"
-69,"4,5"
-58,"4,5"
-66,"4,5"
-66,"4,5"
-58,"4,5"
-69,"4,5"
-66,"4,5"
-69,"4,5"
-57,"4,5"
-69,"4,5"
-69,"4,5"
-66,"4,5"
-66,"4,5"
-66,"4,5"
-66,"4,5"
-66,"4,5"
-56,"4,5"
-67,"4,5"
-57,"4,5"
-56,"4,5"
-69,"4,5"
-66,"4,5"
-70,"4,5"
-69,"4,5"
-57,"4,5"
-69,"4,5"
-66,"4,5"
-57,"4,5"
-57,"4,5"
-67,"4,5"
-66,"4,5"
-66,"4,5"
-66,"4,5"
-69,"4,5"
-57,"4,5"
-57,"4,5"
-66,"4,5"
-66,"4,5"
-68,"4,5"
-69,"4,5"
-65,"4,5"
-68,"4,5"
-66,"4,5"
-57,"4,5"
-66,"4,5"
-66,"4,5"
-56,"4,5"
-66,"4,5"
-57,"4,5"
-58,"4,5"
-69,"4,5"
-69,"4,5"
-57,"4,5"
-56,"4,5"
-68,"4,5"
-58,"4,5"
-65,"4,5"
-69,"4,5"
-69,"4,5"
-66,"4,5"
-65,"4,5"
-66,"4,5"
-68,"4,5"
-57,"4,5"
-56,"4,5"
-57,"4,5"
-65,"4,5"
-56,"4,5"
-68,"4,5"
-69,"4,5"
-68,"4,5"
-57,"4,5"
-57,"4,5"
-56,"4,5"
-57,"4,5"
-65,"4,5"
-66,"4,5"
-66,"4,5"
-69,"4,5"
-69,"4,5"
-65,"4,5"
-57,"4,5"
-65,"4,5"
-78,"4,5"
-59,"4,5"
-72,"4,5"
-56,"4,5"
-68,"4,5"
-66,"4,5"
-69,"4,5"
-57,"4,5"
-56,"4,5"
-67,"4,5"
-64,"4,5"
-68,"4,5"
-58,"4,5"
-66,"4,5"
-55,"4,5"
-55,"4,5"
-65,"4,5"
-83,"4,5"
-57,"4,5"
-67,"4,5"
-57,"4,5"
-78,"4,5"
-72,"4,5"
-68,"4,5"
-57,"4,5"
-75,"4,5"
-68,"4,5"
-75,"4,5"
-57,"4,5"
-80,"4,5"
-56,"4,5"
-57,"4,5"
-71,"4,5"
-69,"4,5"
-77,"4,5"
-70,"4,5"
-77,"4,5"
-57,"4,5"
-78,"4,5"
-65,"4,5"
-56,"4,5"
-56,"4,5"
-76,"4,5"
-75,"4,5"
-69,"4,5"
-78,"4,5"
-79,"4,5"
-68,"4,5"
-70,"4,5"
-70,"4,5"
-56,"4,5"
-72,"4,5"
-74,"4,5"
-74,"4,5"
-68,"4,5"
-64,"4,5"
-70,"4,5"
-56,"4,5"
-67,"4,5"
-75,"4,5"
-68,"4,5"
-75,"4,5"
-57,"4,5"
-80,"4,5"
-56,"4,5"
-57,"4,5"
-71,"4,5"
-69,"4,5"
-77,"4,5"
-70,"4,5"
-77,"4,5"
-57,"4,5"
-78,"4,5"
-65,"4,5"
-56,"4,5"
-56,"4,5"
-76,"4,5"
-75,"4,5"
-69,"4,5"
-78,"4,5"
-79,"4,5"
-68,"4,5"
-61,5
-60,5
-53,5
-58,5
-73,5
-58,5
-54,5
-80,5
-60,5
-54,5
-59,5
-56,5
-55,5
-62,5
-52,5
-53,5
-57,5
-60,5
-59,5
-56,5
-54,5
-55,5
-56,5
-54,5
-54,5
-60,5
-52,5
-52,5
-55,5
-51,5
-51,5
-49,5
-54,5
-55,5
-54,5
-58,5
-53,5
-55,5
-50,5
-55,5
-57,5
-52,5
-53,5
-52,5
-52,5
-51,5
-57,5
-53,5
-51,5
-52,5
-57,5
-58,5
-52,5
-56,5
-52,5
-51,5
-51,5
-51,5
-56,5
-49,5
-53,5
-52,5
-50,5
-54,5
-54,5
-57,5
-54,5
-50,5
-51,5
-57,5
-50,5
-50,5
-50,5
-50,5
-54,5
-54,5
-51,5
-50,5
-49,5
-51,5
-54,5
-54,5
-54,5
-54,5
-57,5
-56,5
-49,5
-50,5
-54,5
-51,5
-50,5
-54,5
-50,5
-51,5
-50,5
-54,5
-50,5
-54,5
-54,5
-56,5
-57,5
-54,5
-54,5
-54,5
-57,5
-56,5
-51,5
-57,5
-50,5
-54,5
-54,5
-56,5
-54,5
-54,5
-50,5
-50,5
-54,5
-54,5
-50,5
-54,5
-50,5
-57,5
-54,5
-50,5
-54,5
-57,5
-54,5
-51,5
-51,5
-54,5
-50,5
-51,5
-55,5
-57,5
-54,5
-57,5
-54,5
-51,5
-56,5
-57,5
-51,5
-54,5
-50,5
-56,5
-56,5
-50,5
-54,5
-50,5
-50,5
-54,5
-54,5
-51,5
-57,5
-57,5
-57,5
-54,5
-57,5
-57,5
-50,5
-54,5
-56,5
-51,5
-54,5
-57,5
-50,5
-56,5
-54,5
-54,5
-54,5
-57,5
-54,5
-50,5
-50,5
-57,5
-54,5
-57,5
-57,5
-50,5
-54,5
-54,5
-54,5
-54,5
-57,5
-57,5
-57,5
-56,5
-54,5
-54,5
-57,5
-53,5
-50,5
-54,5
-50,5
-50,5
-57,5
-57,5
-57,5
-54,5
-50,5
-50,5
-51,5
-57,5
-50,5
-56,5
-50,5
-54,5
-50,5
-56,5
-54,5
-57,5
-54,5
-57,5
-50,5
-54,5
-51,5
-50,5
-50,5
-51,5
-57,5
-54,5
-54,5
-54,5
-57,5
-54,5
-54,5
-57,5
-57,5
-54,5
-57,5
-51,5
-54,5
-51,5
-54,5
-54,5
-57,5
-54,5
-54,5
-57,5
-54,5
-50,5
-50,5
-51,5
-56,5
-52,5
-57,5
-57,5
-51,5
-51,5
-54,5
-56,5
-56,5
-57,5
-51,5
-56,5
-57,5
-56,5
-54,5
-54,5
-54,5
-57,5
-50,5
-57,5
-56,5
-50,5
-57,5
-50,5
-57,5
-54,5
-57,5
-54,5
-54,5
-50,5
-54,5
-54,5
-54,5
-50,5
-57,5
-51,5
-57,5
-50,5
-57,5
-57,5
-54,5
-54,5
-57,5
-57,5
-57,5
-56,5
-54,5
-50,5
-50,5
-57,5
-54,5
-50,5
-54,5
-57,5
-50,5
-54,5
-54,5
-54,5
-54,5
-57,5
-51,5
-51,5
-51,5
-50,5
-57,5
-50,5
-50,5
-50,5
-50,5
-50,5
-57,5
-50,5
-56,5
-50,5
-51,5
-54,5
-51,5
-54,5
-57,5
-57,5
-54,5
-57,5
-57,5
-51,5
-54,5
-57,5
-56,5
-51,5
-54,5
-56,5
-50,5
-54,5
-56,5
-50,5
-54,5
-54,5
-54,5
-54,5
-52,5
-51,5
-57,5
-57,5
-54,5
-57,5
-56,5
-51,5
-50,5
-50,5
-54,5
-54,5
-54,5
-54,5
-54,5
-57,5
-54,5
-57,5
-56,5
-56,5
-54,5
-54,5
-57,5
-57,5
-54,5
-51,5
-51,5
-57,5
-50,5
-54,5
-54,5
-57,5
-50,5
-57,5
-51,5
-57,5
-50,5
-57,5
-50,5
-57,5
-50,5
-50,5
-50,5
-51,5
-50,5
-54,5
-54,5
-51,5
-50,5
-54,5
-50,5
-54,5
-54,5
-54,5
-54,5
-50,5
-54,5
-57,5
-54,5
-50,5
-57,5
-54,5
-54,5
-56,5
-57,5
-57,5
-54,5
-57,5
-56,5
-54,5
-56,5
-56,5
-57,5
-56,5
-54,5
-57,5
-54,5
-57,5
-50,5
-54,5
-50,5
-50,5
-52,5
-51,5
-57,5
-51,5
-50,5
-57,5
-57,5
-56,5
-50,5
-57,5
-51,5
-50,5
-57,5
-52,5
-54,5
-56,5
-57,5
-50,5
-54,5
-54,5
-57,5
-56,5
-57,5
-51,5
-54,5
-56,5
-57,5
-56,5
-57,5
-57,5
-54,5
-54,5
-50,5
-51,5
-56,5
-54,5
-54,5
-57,5
-54,5
-57,5
-51,5
-51,5
-51,5
-57,5
-57,5
-56,5
-54,5
-56,5
-50,5
-57,5
-54,5
-54,5
-50,5
-54,5
-54,5
-54,5
-54,5
-51,5
-54,5
-56,5
-54,5
-57,5
-50,5
-57,5
-57,5
-54,5
-54,5
-54,5
-57,5
-53,5
-53,5
-66,5
-62,5
-54,5
-53,5
-58,5
-55,5
-49,5
-54,5
-51,5
-59,5
-53,5
-67,5
-53,5
-67,5
-56,5
-61,5
-52,5
-65,5
-60,5
-54,5
-57,5
-60,5
-64,5
-52,5
-56,5
-56,5
-64,5
-55,5
-53,5
-67,5
-62,5
-52,5
-64,5
-63,5
-52,5
-53,5
-64,5
-52,5
-52,5
-56,5
-53,5
-73,5
-53,5
-52,5
-52,5
-66,5
-66,5
-68,5
-52,5
-57,5
-57,5
-66,5
-52,5
-56,5
-52,5
-67,5
-56,5
-66,5
-54,5
-55,5
-52,5
-57,5
-63,5
-70,5
-59,5
-53,5
-52,5
-52,5
-52,5
-64,5
-52,5
-55,5
-67,5
-67,5
-55,5
-56,5
-52,5
-52,5
-52,5
-52,5
-55,5
-52,5
-66,5
-66,5
-52,5
-55,5
-55,5
-53,5
-55,5
-54,5
-54,5
-52,5
-68,5
-55,5
-54,5
-55,5
-55,5
-68,5
-52,5
-52,5
-52,5
-53,5
-53,5
-52,5
-68,5
-68,5
-54,5
-55,5
-53,5
-68,5
-68,5
-52,5
-55,5
-55,5
-55,5
-52,5
-55,5
-53,5
-55,5
-55,5
-56,5
-70,5
-56,5
-52,5
-63,5
-55,5
-72,5
-52,5
-55,5
-55,5
-68,5
-52,5
-66,5
-53,5
-55,5
-66,5
-68,5
-52,5
-65,5
-52,5
-54,5
-55,5
-68,5
-55,5
-55,5
-54,5
-52,5
-54,5
-52,5
-52,5
-56,5
-55,5
-67,5
-66,5
-53,5
-53,5
-69,5
-66,5
-65,5
-52,5
-77,5
-69,5
-67,5
-56,5
-67,5
-52,5
-63,5
-62,5
-64,5
-54,5
-54,5
-51,5
-61,5
-52,5
-61,5
-52,5
-57,5
-61,5
-55,5
-52,5
-63,5
-53,5
-52,5
-70,5
-54,5
-64,5
-55,5
-52,5
-62,5
-55,5
-63,5
-56,5
-62,5
-54,5
-55,5
-62,5
-52,5
-63,5
-52,5
-62,5
-62,5
-55,5
-55,5
-62,5
-62,5
-61,5
-52,5
-62,5
-55,5
-61,5
-55,5
-62,5
-55,5
-63,5
-56,5
-52,5
-53,5
-54,5
-52,5
-61,5
-52,5
-64,5
-71,5
-56,5
-63,5
-57,5
-52,5
-54,5
-56,5
-63,5
-55,5
-57,5
-58,5
-72,5
-53,5
-64,5
-63,5
-54,5
-63,5
-63,5
-63,5
-62,5
-54,5
-62,5
-62,5
-62,5
-53,5
-55,5
-62,5
-55,5
-62,5
-63,5
-53,5
-55,5
-62,5
-62,5
-61,5
-62,5
-69,5
-56,5
-62,5
-56,5
-62,5
-54,5
-62,5
-55,5
-61,5
-56,5
-55,5
-54,5
-58,5
-56,5
-55,5
-64,5
-64,5
-54,5
-53,5
-56,5
-61,5
-63,5
-55,5
-53,5
-64,5
-64,5
-54,5
-64,5
-61,5
-68,5
-57,5
-54,5
-56,5
-63,5
-64,5
-59,5
-61,5
-56,5
-65,5
-56,5
-55,5
-54,5
-62,5
-56,5
-56,5
-64,5
-54,5
-54,5
-54,5
-56,5
-56,5
-53,5
-64,5
-62,5
-63,5
-57,5
-56,5
-57,5
-63,5
-57,5
-63,5
-57,5
-56,5
-63,5
-62,5
-53,5
-54,5
-62,5
-62,5
-52,5
-53,5
-53,5
-58,5
-53,5
-56,5
-64,5
-55,5
-62,5
-62,5
-56,5
-59,5
-58,5
-57,5
-56,5
-58,5
-61,5
-56,5
-61,5
-57,5
-61,5
-57,5
-56,5
-62,5
-64,5
-61,5
-57,5
-61,5
-57,5
-58,5
-56,5
-64,5
-62,5
-63,5
-57,5
-57,5
-77,5
-55,5
-56,5
-56,5
-56,5
-63,5
-64,5
-57,5
-62,5
-57,5
-57,5
-63,5
-57,5
-56,5
-63,5
-59,5
-63,5
-56,5
-70,5
-54,5
-54,5
-55,5
-63,5
-54,5
-62,5
-63,5
-64,5
-55,5
-56,5
-55,5
-55,5
-54,5
-62,5
-55,5
-55,5
-63,5
-57,5
-55,5
-63,5
-63,5
-63,5
-56,5
-56,5
-54,5
-57,5
-53,5
-62,5
-53,5
-55,5
-54,5
-63,5
-55,5
-54,5
-56,5
-54,5
-66,5
-54,5
-54,5
-54,5
-54,5
-53,5
-53,5
-55,5
-58,5
-54,5
-54,5
-61,5
-70,5
-54,5
-54,5
-53,5
-60,5
-54,5
-54,5
-61,5
-63,5
-54,5
-54,5
-53,5
-54,5
-53,5
-60,5
-55,5
-61,5
-55,5
-53,5
-61,5
-54,5
-54,5
-61,5
-59,5
-54,5
-54,5
-53,5
-53,5
-54,5
-61,5
-53,5
-59,5
-54,5
-59,5
-55,5
-53,5
-60,5
-59,5
-54,5
-54,5
-54,5
-54,5
-54,5
-54,5
-60,5
-54,5
-53,5
-54,5
-54,5
-60,5
-61,5
-60,5
-58,5
-52,5
-52,5
-60,5
-53,5
-50,5
-54,5
-52,5
-53,5
-53,5
-62,5
-67,5
-66,5
-62,5
-54,5
-58,5
-60,5
-53,5
-54,5
-54,5
-61,5
-54,5
-53,5
-54,5
-53,5
-59,"5,5"
-54,"5,5"
-55,"5,5"
-59,"5,5"
-60,"5,5"
-59,"5,5"
-59,"5,5"
-60,"5,5"
-55,"5,5"
-59,"5,5"
-59,"5,5"
-59,"5,5"
-55,"5,5"
-59,"5,5"
-59,"5,5"
-60,"5,5"
-59,"5,5"
-59,"5,5"
-55,"5,5"
-54,"5,5"
-59,"5,5"
-55,"5,5"
-59,"5,5"
-58,"5,5"
-59,"5,5"
-59,"5,5"
-59,"5,5"
-60,"5,5"
-60,"5,5"
-59,"5,5"
-59,"5,5"
-59,"5,5"
-60,"5,5"
-54,"5,5"
-54,"5,5"
-60,"5,5"
-59,"5,5"
-59,"5,5"
-54,"5,5"
-59,"5,5"
-59,"5,5"
-60,"5,5"
-59,"5,5"
-60,"5,5"
-54,"5,5"
-54,"5,5"
-54,"5,5"
-59,"5,5"
-54,"5,5"
-54,"5,5"
-59,"5,5"
-59,"5,5"
-59,"5,5"
-59,"5,5"
-55,"5,5"
-59,"5,5"
-58,"5,5"
-59,"5,5"
-60,"5,5"
-60,"5,5"
-60,"5,5"
-59,"5,5"
-56,"5,5"
-54,"5,5"
-59,"5,5"
-60,"5,5"
-60,"5,5"
-55,"5,5"
-54,"5,5"
-55,"5,5"
-54,"5,5"
-59,"5,5"
-67,"5,5"
-60,"5,5"
-60,"5,5"
-55,"5,5"
-59,"5,5"
-54,"5,5"
-55,"5,5"
-60,"5,5"
-54,"5,5"
-60,"5,5"
-59,"5,5"
-54,"5,5"
-59,"5,5"
-59,"5,5"
-55,"5,5"
-55,"5,5"
-60,"5,5"
-59,"5,5"
-59,"5,5"
-59,"5,5"
-59,"5,5"
-59,"5,5"
-60,"5,5"
-60,"5,5"
-54,"5,5"
-54,"5,5"
-59,"5,5"
-59,"5,5"
-60,"5,5"
-59,"5,5"
-58,"5,5"
-59,"5,5"
-59,"5,5"
-55,"5,5"
-60,"5,5"
-59,"5,5"
-60,"5,5"
-60,"5,5"
-59,"5,5"
-55,"5,5"
-55,"5,5"
-54,"5,5"
-60,"5,5"
-60,"5,5"
-60,"5,5"
-60,"5,5"
-61,"5,5"
-60,"5,5"
-59,"5,5"
-60,"5,5"
-59,"5,5"
-59,"5,5"
-59,"5,5"
-60,"5,5"
-59,"5,5"
-55,"5,5"
-59,"5,5"
-54,"5,5"
-59,"5,5"
-55,"5,5"
-59,"5,5"
-59,"5,5"
-55,"5,5"
-59,"5,5"
-55,"5,5"
-54,"5,5"
-60,"5,5"
-54,"5,5"
-54,"5,5"
-59,"5,5"
-55,"5,5"
-59,"5,5"
-54,"5,5"
-60,"5,5"
-55,"5,5"
-59,"5,5"
-60,"5,5"
-60,"5,5"
-55,"5,5"
-60,"5,5"
-59,"5,5"
-59,"5,5"
-59,"5,5"
-60,"5,5"
-55,"5,5"
-60,"5,5"
-59,"5,5"
-59,"5,5"
-59,"5,5"
-54,"5,5"
-54,"5,5"
-55,"5,5"
-59,"5,5"
-55,"5,5"
-60,"5,5"
-60,"5,5"
-55,"5,5"
-60,"5,5"
-59,"5,5"
-59,"5,5"
-55,"5,5"
-60,"5,5"
-55,"5,5"
-55,"5,5"
-55,"5,5"
-60,"5,5"
-54,"5,5"
-59,"5,5"
-59,"5,5"
-54,"5,5"
-59,"5,5"
-59,"5,5"
-59,"5,5"
-55,"5,5"
-60,"5,5"
-58,"5,5"
-59,"5,5"
-55,"5,5"
-55,"5,5"
-59,"5,5"
-59,"5,5"
-59,"5,5"
-54,"5,5"
-59,"5,5"
-59,"5,5"
-59,"5,5"
-59,"5,5"
-60,"5,5"
-59,"5,5"
-59,"5,5"
-55,"5,5"
-59,"5,5"
-54,"5,5"
-55,"5,5"
-60,"5,5"
-59,"5,5"
-59,"5,5"
-59,"5,5"
-55,"5,5"
-59,"5,5"
-59,"5,5"
-55,"5,5"
-60,"5,5"
-60,"5,5"
-59,"5,5"
-60,"5,5"
-54,"5,5"
-60,"5,5"
-59,"5,5"
-54,"5,5"
-60,"5,5"
-59,"5,5"
-56,"5,5"
-60,"5,5"
-61,"5,5"
-59,"5,5"
-59,"5,5"
-61,"5,5"
-61,"5,5"
-59,"5,5"
-55,"5,5"
-59,"5,5"
-60,"5,5"
-59,"5,5"
-55,"5,5"
-58,"5,5"
-59,"5,5"
-59,"5,5"
-59,"5,5"
-60,"5,5"
-59,"5,5"
-59,"5,5"
-55,"5,5"
-58,"5,5"
-54,"5,5"
-54,"5,5"
-58,"5,5"
-58,"5,5"
-55,"5,5"
-55,"5,5"
-61,"5,5"
-59,"5,5"
-56,"5,5"
-55,"5,5"
-59,"5,5"
-59,"5,5"
-55,"5,5"
-60,"5,5"
-59,"5,5"
-60,"5,5"
-60,"5,5"
-59,"5,5"
-59,"5,5"
-55,"5,5"
-55,"5,5"
-61,"5,5"
-58,"5,5"
-59,"5,5"
-60,"5,5"
-54,"5,5"
-54,"5,5"
-60,"5,5"
-59,"5,5"
-55,"5,5"
-59,"5,5"
-59,"5,5"
-60,"5,5"
-59,"5,5"
-55,"5,5"
-59,"5,5"
-60,"5,5"
-59,"5,5"
-59,"5,5"
-59,"5,5"
-54,"5,5"
-60,"5,5"
-54,"5,5"
-59,"5,5"
-58,"5,5"
-55,"5,5"
-55,"5,5"
-58,"5,5"
-58,"5,5"
-58,"5,5"
-58,"5,5"
-60,"5,5"
-60,"5,5"
-59,"5,5"
-58,"5,5"
-55,"5,5"
-59,"5,5"
-59,"5,5"
-57,"5,5"
-59,"5,5"
-59,"5,5"
-59,"5,5"
-58,"5,5"
-60,"5,5"
-59,"5,5"
-54,"5,5"
-59,"5,5"
-60,"5,5"
-54,"5,5"
-59,"5,5"
-59,"5,5"
-54,"5,5"
-59,"5,5"
-59,"5,5"
-54,"5,5"
-59,"5,5"
-60,"5,5"
-58,"5,5"
-54,"5,5"
-59,"5,5"
-60,"5,5"
-60,"5,5"
-59,"5,5"
-60,"5,5"
-62,"5,5"
-56,"5,5"
-59,"5,5"
-54,"5,5"
-59,"5,5"
-58,"5,5"
-54,"5,5"
-55,"5,5"
-54,"5,5"
-55,"5,5"
-59,"5,5"
-59,"5,5"
-58,"5,5"
-59,"5,5"
-59,"5,5"
-55,"5,5"
-59,"5,5"
-55,"5,5"
-59,"5,5"
-54,"5,5"
-55,"5,5"
-55,"5,5"
-55,"5,5"
-55,"5,5"
-59,"5,5"
-59,"5,5"
-55,"5,5"
-58,"5,5"
-59,"5,5"
-59,"5,5"
-54,"5,5"
-60,"5,5"
-54,"5,5"
-54,"5,5"
-59,"5,5"
-59,"5,5"
-60,"5,5"
-59,"5,5"
-54,"5,5"
-55,"5,5"
-58,"5,5"
-59,"5,5"
-59,"5,5"
-59,"5,5"
-59,"5,5"
-59,"5,5"
-60,"5,5"
-59,"5,5"
-59,"5,5"
-55,"5,5"
-55,"5,5"
-58,"5,5"
-59,"5,5"
-59,"5,5"
-58,"5,5"
-56,"5,5"
-59,"5,5"
-55,"5,5"
-58,"5,5"
-60,"5,5"
-59,"5,5"
-59,"5,5"
-59,"5,5"
-54,"5,5"
-59,"5,5"
-59,"5,5"
-59,"5,5"
-59,"5,5"
-59,"5,5"
-59,"5,5"
-59,"5,5"
-59,"5,5"
-59,"5,5"
-54,"5,5"
-58,"5,5"
-60,"5,5"
-59,"5,5"
-59,"5,5"
-59,"5,5"
-59,"5,5"
-55,"5,5"
-60,"5,5"
-55,"5,5"
-58,"5,5"
-59,"5,5"
-55,"5,5"
-59,"5,5"
-60,"5,5"
-60,"5,5"
-60,"5,5"
-59,"5,5"
-54,"5,5"
-54,"5,5"
-59,"5,5"
-55,"5,5"
-58,"5,5"
-59,"5,5"
-59,"5,5"
-59,"5,5"
-60,"5,5"
-60,"5,5"
-60,"5,5"
-58,"5,5"
-59,"5,5"
-59,"5,5"
-55,"5,5"
-59,"5,5"
-60,"5,5"
-60,"5,5"
-60,"5,5"
-59,"5,5"
-59,"5,5"
-59,"5,5"
-54,"5,5"
-60,"5,5"
-60,"5,5"
-60,"5,5"
-54,"5,5"
-60,"5,5"
-54,"5,5"
-55,"5,5"
-60,"5,5"
-62,"5,5"
-60,"5,5"
-59,"5,5"
-58,"5,5"
-60,"5,5"
-59,"5,5"
-60,"5,5"
-62,"5,5"
-54,"5,5"
-59,"5,5"
-58,"5,5"
-55,"5,5"
-60,"5,5"
-55,"5,5"
-59,"5,5"
-59,"5,5"
-59,"5,5"
-59,"5,5"
-59,"5,5"
-59,"5,5"
-60,"5,5"
-55,"5,5"
-59,"5,5"
-58,"5,5"
-59,"5,5"
-60,"5,5"
-59,"5,5"
-54,"5,5"
-59,"5,5"
-60,"5,5"
-60,"5,5"
-59,"5,5"
-54,"5,5"
-59,"5,5"
-54,"5,5"
-55,"5,5"
-59,"5,5"
-60,"5,5"
-55,"5,5"
-59,"5,5"
-59,"5,5"
-55,"5,5"
-59,"5,5"
-58,"5,5"
-54,"5,5"
-59,"5,5"
-59,"5,5"
-59,"5,5"
-60,"5,5"
-59,"5,5"
-59,"5,5"
-59,"5,5"
-59,"5,5"
-60,"5,5"
-55,"5,5"
-68,"5,5"
-59,"5,5"
-60,"5,5"
-60,"5,5"
-55,"5,5"
-58,"5,5"
-58,"5,5"
-54,"5,5"
-60,"5,5"
-59,"5,5"
-56,"5,5"
-58,"5,5"
-59,"5,5"
-55,"5,5"
-59,"5,5"
-54,"5,5"
-61,"5,5"
-55,"5,5"
-59,"5,5"
-55,"5,5"
-59,"5,5"
-55,"5,5"
-59,"5,5"
-55,"5,5"
-59,"5,5"
-61,"5,5"
-59,"5,5"
-59,"5,5"
-59,"5,5"
-55,"5,5"
-54,"5,5"
-60,"5,5"
-67,"5,5"
-60,"5,5"
-60,"5,5"
-59,"5,5"
-59,"5,5"
-59,"5,5"
-59,"5,5"
-60,"5,5"
-59,"5,5"
-59,"5,5"
-59,"5,5"
-55,"5,5"
-55,"5,5"
-55,"5,5"
-55,"5,5"
-60,"5,5"
-60,"5,5"
-59,"5,5"
-55,"5,5"
-59,"5,5"
-59,"5,5"
-60,"5,5"
-59,"5,5"
-60,"5,5"
-59,"5,5"
-55,"5,5"
-60,"5,5"
-54,"5,5"
-59,"5,5"
-55,"5,5"
-55,"5,5"
-55,"5,5"
-59,"5,5"
-55,"5,5"
-60,"5,5"
-60,"5,5"
-60,"5,5"
-59,"5,5"
-59,"5,5"
-59,"5,5"
-60,"5,5"
-57,"5,5"
-59,"5,5"
-55,"5,5"
-60,"5,5"
-60,"5,5"
-59,"5,5"
-55,"5,5"
-55,"5,5"
-59,"5,5"
-55,"5,5"
-59,"5,5"
-59,"5,5"
-63,"5,5"
-60,"5,5"
-54,"5,5"
-59,"5,5"
-55,"5,5"
-60,"5,5"
-59,"5,5"
-68,"5,5"
-59,"5,5"
-59,"5,5"
-59,"5,5"
-58,"5,5"
-59,"5,5"
-55,"5,5"
-55,"5,5"
-60,"5,5"
-59,"5,5"
-60,"5,5"
-54,"5,5"
-60,"5,5"
-54,"5,5"
-60,"5,5"
-60,"5,5"
-60,"5,5"
-59,"5,5"
-58,"5,5"
-60,"5,5"
-59,"5,5"
-60,"5,5"
-60,"5,5"
-54,"5,5"
-54,"5,5"
-60,"5,5"
-59,"5,5"
-54,"5,5"
-55,"5,5"
-59,"5,5"
-60,"5,5"
-66,"5,5"
-59,"5,5"
-62,"5,5"
-60,"5,5"
-59,"5,5"
-59,"5,5"
-59,"5,5"
-55,"5,5"
-58,"5,5"
-60,"5,5"
-54,"5,5"
-59,"5,5"
-60,"5,5"
-60,"5,5"
-60,"5,5"
-59,"5,5"
-54,"5,5"
-58,"5,5"
-55,"5,5"
-54,"5,5"
-54,"5,5"
-60,"5,5"
-59,"5,5"
-67,"5,5"
-59,"5,5"
-59,"5,5"
-59,"5,5"
-54,"5,5"
-63,"5,5"
-60,"5,5"
-60,"5,5"
-55,"5,5"
-55,"5,5"
-60,"5,5"
-54,"5,5"
-60,"5,5"
-59,"5,5"
-55,"5,5"
-55,"5,5"
-59,"5,5"
-60,"5,5"
-60,"5,5"
-59,"5,5"
-59,"5,5"
-59,"5,5"
-60,"5,5"
-59,"5,5"
-55,"5,5"
-59,"5,5"
-58,"5,5"
-60,"5,5"
-55,"5,5"
-60,"5,5"
-60,"5,5"
-60,"5,5"
-54,"5,5"
-59,"5,5"
-59,"5,5"
-55,"5,5"
-60,"5,5"
-55,"5,5"
-55,"5,5"
-55,"5,5"
-59,"5,5"
-54,"5,5"
-59,"5,5"
-60,"5,5"
-59,"5,5"
-60,"5,5"
-59,"5,5"
-59,"5,5"
-54,"5,5"
-66,"5,5"
-59,"5,5"
-54,"5,5"
-59,"5,5"
-58,"5,5"
-59,"5,5"
-60,"5,5"
-60,"5,5"
-55,"5,5"
-55,"5,5"
-59,"5,5"
-54,"5,5"
-54,"5,5"
-60,"5,5"
-68,"5,5"
-55,"5,5"
-55,"5,5"
-59,"5,5"
-67,"5,5"
-59,"5,5"
-60,"5,5"
-59,"5,5"
-58,"5,5"
-59,"5,5"
-54,"5,5"
-59,"5,5"
-55,"5,5"
-61,"5,5"
-58,"5,5"
-61,"5,5"
-60,"5,5"
-59,"5,5"
-60,"5,5"
-55,"5,5"
-60,"5,5"
-54,"5,5"
-60,"5,5"
-55,"5,5"
-59,"5,5"
-55,"5,5"
-59,"5,5"
-55,"5,5"
-62,"5,5"
-59,"5,5"
-54,"5,5"
-59,"5,5"
-59,"5,5"
-55,"5,5"
-59,"5,5"
-59,"5,5"
-60,"5,5"
-58,"5,5"
-59,"5,5"
-59,"5,5"
-59,"5,5"
-54,"5,5"
-55,"5,5"
-59,"5,5"
-54,"5,5"
-59,"5,5"
-59,"5,5"
-59,"5,5"
-55,"5,5"
-59,"5,5"
-59,"5,5"
-59,"5,5"
-66,"5,5"
-54,"5,5"
-60,"5,5"
-60,"5,5"
-60,"5,5"
-59,"5,5"
-59,"5,5"
-59,"5,5"
-59,"5,5"
-55,"5,5"
-59,"5,5"
-54,"5,5"
-59,"5,5"
-55,"5,5"
-60,"5,5"
-55,"5,5"
-53,"5,5"
-63,"5,5"
-58,"5,5"
-59,"5,5"
-54,"5,5"
-59,"5,5"
-58,"5,5"
-60,"5,5"
-59,"5,5"
-58,"5,5"
-58,"5,5"
-54,"5,5"
-59,"5,5"
-55,"5,5"
-58,"5,5"
-60,"5,5"
-58,"5,5"
-59,"5,5"
-55,"5,5"
-58,"5,5"
-60,"5,5"
-60,"5,5"
-60,"5,5"
-56,"5,5"
-54,"5,5"
-57,"5,5"
-54,"5,5"
-59,"5,5"
-59,"5,5"
-59,"5,5"
-56,"5,5"
-52,"5,5"
-55,"5,5"
-59,"5,5"
-59,"5,5"
-55,"5,5"
-59,"5,5"
-59,"5,5"
-67,"5,5"
-59,"5,5"
-59,"5,5"
-58,"5,5"
-59,"5,5"
-60,"5,5"
-54,"5,5"
-59,"5,5"
-67,"5,5"
-61,"5,5"
-54,"5,5"
-60,"5,5"
-54,"5,5"
-60,"5,5"
-61,"5,5"
-60,"5,5"
-61,"5,5"
-54,"5,5"
-54,"5,5"
-54,"5,5"
-54,"5,5"
-60,"5,5"
-54,"5,5"
-60,"5,5"
-60,"5,5"
-54,"5,5"
-55,"5,5"
-60,"5,5"
-59,"5,5"
-54,"5,5"
-55,"5,5"
-60,"5,5"
-63,"5,5"
-60,"5,5"
-60,"5,5"
-60,"5,5"
-62,"5,5"
-60,"5,5"
-55,"5,5"
-55,"5,5"
-59,"5,5"
-55,"5,5"
-60,"5,5"
-60,"5,5"
-54,"5,5"
-59,"5,5"
-55,"5,5"
-59,"5,5"
-60,"5,5"
-59,"5,5"
-54,"5,5"
-54,"5,5"
-59,"5,5"
-59,"5,5"
-61,"5,5"
-60,"5,5"
-67,"5,5"
-54,"5,5"
-60,"5,5"
-60,"5,5"
-60,"5,5"
-54,"5,5"
-60,"5,5"
-59,"5,5"
-59,"5,5"
-59,"5,5"
-59,"5,5"
-60,"5,5"
-59,"5,5"
-54,"5,5"
-59,"5,5"
-59,"5,5"
-60,"5,5"
-59,"5,5"
-54,"5,5"
-54,"5,5"
-54,"5,5"
-60,"5,5"
-59,"5,5"
-59,"5,5"
-60,"5,5"
-59,"5,5"
-54,"5,5"
-60,"5,5"
-60,"5,5"
-58,"5,5"
-54,"5,5"
-54,"5,5"
-60,"5,5"
-59,"5,5"
-54,"5,5"
-60,"5,5"
-59,"5,5"
-60,"5,5"
-59,"5,5"
-57,"5,5"
-55,"5,5"
-61,"5,5"
-55,"5,5"
-59,"5,5"
-61,"5,5"
-54,"5,5"
-59,"5,5"
-59,"5,5"
-59,"5,5"
-60,"5,5"
-58,"5,5"
-54,"5,5"
-61,"5,5"
-60,"5,5"
-54,"5,5"
-54,"5,5"
-61,"5,5"
-54,"5,5"
-61,"5,5"
-54,"5,5"
-60,"5,5"
-59,"5,5"
-59,"5,5"
-60,"5,5"
-60,"5,5"
-54,"5,5"
-53,"5,5"
-60,"5,5"
-60,"5,5"
-54,"5,5"
-59,"5,5"
-59,"5,5"
-59,"5,5"
-54,"5,5"
-61,"5,5"
-53,"5,5"
-61,"5,5"
-58,"5,5"
-54,"5,5"
-59,"5,5"
-54,"5,5"
-59,"5,5"
-57,"5,5"
-58,"5,5"
-54,"5,5"
-53,"5,5"
-57,"5,5"
-59,"5,5"
-70,"5,5"
-54,"5,5"
-60,"5,5"
-55,"5,5"
-54,"5,5"
-61,"5,5"
-54,"5,5"
-58,"5,5"
-54,"5,5"
-59,"5,5"
-54,"5,5"
-59,"5,5"
-56,"5,5"
-57,"5,5"
-57,"5,5"
-56,"5,5"
-60,"5,5"
-55,"5,5"
-57,"5,5"
-54,"5,5"
-59,"5,5"
-56,"5,5"
-54,"5,5"
-60,"5,5"
-55,"5,5"
-54,"5,5"
-61,"5,5"
-54,"5,5"
-58,"5,5"
-54,"5,5"
-59,"5,5"
-54,"5,5"
-59,"5,5"
-56,"5,5"
-52,6
-54,6
-62,6
-68,6
-62,6
-55,6
-55,6
-53,6
-52,6
-55,6
-56,6
-56,6
-54,6
-53,6
-56,6
-51,6
-52,6
-57,6
-50,6
-57,6
-56,6
-56,6
-56,6
-55,6
-52,6
-51,6
-50,6
-56,6
-56,6
-56,6
-54,6
-56,6
-54,6
-56,6
-56,6
-54,6
-50,6
-56,6
-52,6
-51,6
-52,6
-57,6
-55,6
-57,6
-64,6
-54,6
-57,6
-55,6
-55,6
-58,6
-62,6
-53,6
-60,6
-61,6
-54,6
-54,6
-50,6
-60,6
-52,6
-57,6
-55,6
-51,6
-54,6
-57,6
-56,6
-55,6
-54,6
-61,6
-56,6
-51,6
-56,6
-57,6
-51,6
-52,6
-51,6
-52,6
-57,6
-59,6
-57,6
-61,6
-57,6
-52,6
-58,6
-58,6
-50,6
-60,6
-54,6
-56,6
-57,6
-70,6
-56,6
-59,6
-57,6
-61,6
-58,6
-52,6
-59,6
-56,6
-54,6
-50,6
-59,6
-62,6
-60,6
-56,6
-62,6
-52,6
-59,6
-62,6
-52,6
-54,6
-54,6
-52,6
-62,6
-63,6
-52,6
-57,6
-56,6
-56,6
-60,6
-52,6
-56,6
-56,6
-59,6
-60,6
-56,6
-50,6
-58,6
-50,6
-54,6
-54,6
-55,6
-63,6
-63,6
-54,6
-62,6
-50,6
-56,6
-57,6
-58,6
-58,6
-52,6
-57,6
-57,6
-52,6
-54,6
-55,6
-56,6
-51,6
-59,6
-59,6
-51,6
-56,6
-52,6
-57,6
-56,6
-52,6
-54,6
-55,6
-58,6
-51,6
-51,6
-58,6
-56,6
-57,6
-51,6
-57,6
-58,6
-51,6
-57,6
-52,6
-57,6
-56,6
-51,6
-52,6
-57,6
-58,6
-58,6
-58,6
-57,6
-70,6
-52,6
-57,6
-56,6
-56,6
-51,6
-51,6
-56,6
-58,6
-56,6
-57,6
-52,6
-55,6
-51,6
-52,6
-57,6
-58,6
-60,6
-52,6
-52,6
-52,6
-59,6
-58,6
-51,6
-59,6
-58,6
-52,6
-59,6
-58,6
-59,6
-59,6
-57,6
-52,6
-53,6
-60,6
-56,6
-51,6
-56,6
-56,6
-51,6
-59,6
-52,6
-56,6
-52,6
-52,6
-51,6
-60,6
-60,6
-57,6
-55,6
-63,6
-70,6
-56,6
-56,6
-56,6
-56,6
-52,6
-56,6
-53,6
-60,6
-59,6
-59,6
-69,6
-51,6
-58,6
-60,6
-62,6
-51,6
-59,6
-60,6
-51,6
-51,6
-50,6
-59,6
-57,6
-58,6
-59,6
-58,6
-59,6
-59,6
-59,6
-57,6
-56,6
-50,6
-59,6
-58,6
-61,6
-52,6
-57,6
-56,6
-52,6
-56,6
-58,6
-51,6
-51,6
-51,6
-57,6
-57,6
-61,6
-50,6
-58,6
-58,6
-56,6
-57,6
-50,6
-60,6
-58,6
-59,6
-53,6
-51,6
-60,6
-58,6
-58,6
-57,6
-56,6
-56,6
-56,6
-57,6
-58,6
-58,6
-56,6
-57,6
-56,6
-52,6
-51,6
-56,6
-56,6
-56,6
-57,6
-55,6
-59,6
-60,6
-61,6
-58,6
-62,6
-55,6
-55,6
-51,6
-56,6
-57,6
-56,6
-57,6
-57,6
-57,6
-52,6
-56,6
-56,6
-56,6
-50,6
-57,6
-50,6
-59,6
-58,6
-57,6
-58,6
-58,6
-51,6
-50,6
-51,6
-56,6
-51,6
-51,6
-51,6
-57,6
-50,6
-50,6
-56,6
-52,6
-57,6
-58,6
-53,6
-51,6
-57,6
-57,6
-51,6
-63,6
-56,6
-52,6
-57,6
-49,6
-57,6
-66,6
-50,6
-59,6
-52,6
-56,6
-51,6
-57,6
-58,6
-58,6
-56,6
-58,6
-57,6
-58,6
-57,6
-51,6
-51,6
-55,6
-58,6
-58,6
-57,6
-50,6
-50,6
-56,6
-56,6
-57,6
-56,6
-52,6
-58,6
-50,6
-58,6
-58,6
-51,6
-58,6
-51,6
-57,6
-56,6
-56,6
-62,6
-61,6
-63,6
-59,6
-63,6
-58,6
-64,6
-59,6
-54,6
-68,6
-55,6
-59,6
-62,6
-60,6
-60,6
-54,6
-56,6
-64,6
-58,6
-56,6
-50,6
-53,6
-56,6
-50,6
-49,6
-58,6
-51,6
-56,6
-50,6
-49,6
-56,6
-57,6
-63,6
-63,6
-59,6
-51,6
-51,6
-58,6
-52,6
-56,6
-50,6
-57,6
-52,6
-57,6
-58,6
-51,6
-52,6
-58,6
-53,6
-58,6
-57,6
-57,6
-52,6
-58,6
-58,6
-57,6
-52,6
-52,6
-58,6
-59,6
-58,6
-58,6
-57,6
-56,6
-57,6
-57,6
-51,6
-52,6
-58,6
-50,6
-57,6
-58,6
-54,6
-51,6
-52,6
-50,6
-51,6
-61,6
-57,6
-60,6
-57,6
-59,6
-57,6
-57,6
-55,6
-55,6
-59,6
-64,6
-54,6
-56,6
-56,6
-54,6
-58,6
-54,6
-51,6
-56,6
-57,6
-51,6
-50,6
-52,6
-66,6
-56,6
-52,6
-61,6
-59,6
-59,6
-56,6
-50,6
-49,6
-57,6
-50,6
-58,6
-50,6
-55,6
-50,6
-54,6
-54,6
-49,6
-58,6
-57,6
-51,6
-51,6
-56,6
-56,6
-58,6
-58,6
-50,6
-50,6
-56,6
-59,6
-58,6
-56,6
-58,6
-59,6
-56,6
-53,6
-55,6
-56,6
-51,6
-51,6
-51,6
-55,6
-58,6
-57,6
-50,6
-52,6
-54,6
-58,6
-58,6
-51,6
-49,6
-54,6
-55,6
-56,6
-52,6
-54,6
-58,6
-58,6
-58,6
-59,6
-56,6
-52,6
-58,6
-56,6
-61,6
-55,6
-63,6
-59,6
-62,6
-57,6
-50,6
-52,6
-52,6
-51,6
-52,6
-52,6
-51,6
-60,6
-56,6
-50,6
-54,6
-58,6
-58,6
-65,6
-54,6
-58,6
-54,6
-54,6
-53,6
-57,6
-64,6
-60,6
-60,6
-57,6
-52,6
-54,6
-57,6
-60,6
-53,6
-65,6
-58,6
-60,6
-59,6
-58,6
-54,6
-50,6
-61,6
-52,6
-61,6
-54,6
-50,6
-52,6
-59,6
-54,6
-56,6
-53,6
-61,6
-62,6
-59,6
-56,6
-56,6
-54,6
-57,6
-54,6
-54,6
-54,6
-56,6
-59,6
-58,6
-58,6
-57,6
-54,6
-54,6
-55,6
-54,6
-55,6
-54,6
-56,6
-56,6
-55,6
-55,6
-55,6
-56,6
-55,6
-55,6
-54,6
-55,6
-55,6
-55,6
-56,6
-56,6
-54,6
-56,6
-56,6
-56,6
-57,6
-56,6
-54,6
-56,6
-56,6
-57,6
-55,6
-55,6
-56,6
-57,6
-56,6
-56,6
-54,6
-56,6
-55,6
-56,6
-55,6
-57,6
-55,6
-55,6
-54,6
-54,6
-56,6
-56,6
-55,6
-55,6
-55,6
-55,6
-57,6
-56,6
-55,6
-55,6
-56,6
-57,6
-55,6
-55,6
-55,6
-56,6
-56,6
-56,6
-56,6
-56,6
-56,6
-55,6
-55,6
-55,6
-54,6
-55,6
-55,6
-55,6
-55,6
-56,6
-56,6
-55,6
-55,6
-54,6
-55,6
-55,6
-54,6
-55,6
-56,6
-55,6
-55,6
-56,6
-55,6
-56,6
-55,6
-55,6
-55,6
-53,6
-54,6
-55,6
-54,6
-54,6
-52,6
-54,6
-54,6
-54,6
-55,6
-55,6
-54,6
-54,6
-54,6
-54,6
-54,6
-55,6
-57,6
-54,6
-56,6
-57,6
-56,6
-56,6
-54,6
-57,6
-56,6
-56,6
-54,6
-56,6
-55,6
-55,6
-54,6
-57,6
-55,6
-55,6
-54,6
-55,6
-55,6
-55,6
-54,6
-55,6
-52,6
-59,6
-56,6
-56,6
-55,6
-55,6
-56,6
-52,6
-53,6
-53,6
-53,6
-54,6
-54,6
-53,6
-54,6
-55,6
-54,6
-53,6
-52,6
-54,6
-52,6
-55,6
-54,6
-55,6
-55,6
-53,6
-55,6
-53,6
-54,6
-54,6
-54,6
-54,6
-54,6
-54,6
-52,6
-55,6
-55,6
-55,6
-54,6
-53,6
-53,6
-52,6
-55,6
-55,6
-54,6
-54,6
-54,6
-55,6
-55,6
-52,6
-55,6
-54,6
-56,6
-53,6
-55,6
-55,6
-57,6
-56,6
-56,6
-57,6
-57,6
-56,6
-57,6
-54,6
-56,6
-57,6
-55,6
-58,6
-55,6
-56,6
-55,6
-56,6
-62,6
-55,6
-58,6
-56,6
-55,6
-56,6
-55,6
-55,6
-55,6
-54,6
-56,6
-56,6
-54,6
-61,6
-56,6
-54,6
-54,6
-54,6
-54,6
-61,6
-63,6
-55,6
-52,6
-55,6
-55,6
-55,6
-56,6
-55,6
-64,6
-55,6
-54,6
-55,6
-54,6
-54,6
-54,6
-54,6
-54,6
-55,6
-63,6
-53,6
-55,6
-54,6
-54,6
-54,6
-55,6
-54,6
-54,6
-55,6
-55,6
-56,6
-55,6
-54,6
-53,6
-55,6
-55,6
-55,6
-54,6
-55,6
-54,6
-55,6
-55,6
-55,6
-55,6
-56,6
-56,6
-56,6
-56,6
-55,6
-56,6
-55,6
-55,6
-54,6
-54,6
-53,6
-57,6
-54,6
-54,6
-53,6
-54,6
-55,6
-55,6
-54,6
-55,6
-54,6
-54,6
-54,6
-54,6
-54,6
-55,6
-54,6
-56,6
-56,6
-54,6
-56,6
-55,6
-54,6
-62,6
-65,6
-60,6
-64,6
-58,6
-56,6
-55,6
-56,6
-55,6
-56,6
-54,6
-58,6
-56,6
-53,6
-53,6
-57,6
-55,6
-56,6
-54,6
-59,6
-54,6
-53,6
-57,6
-54,6
-56,6
-57,6
-53,6
-52,6
-58,6
-58,6
-56,6
-54,6
-53,6
-56,6
-56,6
-53,6
-57,6
-57,6
-55,6
-58,6
-56,6
-59,6
-56,6
-54,6
-56,6
-54,6
-54,6
-56,6
-56,6
-55,6
-56,6
-53,6
-52,6
-57,6
-56,6
-53,6
-56,6
-56,6
-53,6
-56,6
-56,6
-57,6
-53,6
-56,6
-55,6
-52,6
-57,6
-56,6
-55,6
-54,6